experiment_id	phase	stage	dataset	stata_version	processors	memory_gib	probes	batch	preconditioner	temperature	repetitions	depends
bundle_smoke	preflight	bundle_smoke	synthetic	19	4	8	8	8	diagonal	cold	1	-
bundle_smoke18	preflight	bundle_smoke	synthetic	18	4	8	8	8	diagonal	cold	1	bundle_smoke
install_auto19	preflight	install_auto	synthetic	19	4	8	8	auto	auto	cold	1	bundle_smoke
install_auto18	preflight	install_auto	synthetic	18	4	8	8	auto	auto	cold	1	bundle_smoke18
install_cmg19	preflight	install_cmg	synthetic	19	4	8	4	4	cmg	cold	1	install_auto19
install_cmg18	preflight	install_cmg	synthetic	18	4	8	4	4	cmg	cold	1	install_auto18
license18_p4	preflight	license	synthetic	18	4	4	0	-	-	cold	1	install_cmg18
license19_p4	preflight	license	synthetic	19	4	4	0	-	-	cold	1	install_cmg19
hierarchy_scc_p4	preflight	hierarchy_stress	synthetic	19	4	16	0	-	-	cold	1	license19_p4
selector	preflight	selector	synthetic	19	4	8	20	auto	auto	cold	1	license18_p4,license19_p4,hierarchy_scc_p4
prepare_cz24	preflight	prepare	cz24	19	4	32	0	-	-	cold	1	selector
prepare_cz25	preflight	prepare	cz25	19	4	32	0	-	-	cold	1	selector
prepare_cz18	preflight	prepare	cz18	19	4	56	0	-	-	cold	1	selector
fixed_cz24_cold	preflight	fixed	cz24	19	4	56	200	auto	auto	cold	1	prepare_cz24
fixed_cz24_warm	preflight	fixed	cz24	19	4	56	200	auto	auto	warm	1	prepare_cz24
fixed_cz24_b1	preflight	fixed	cz24	19	4	56	200	32	diagonal	cold	1	prepare_cz24
fixed_cz24_cmg	preflight	fixed	cz24	19	4	56	200	32	cmg	cold	1	prepare_cz24
compare_cz24_matlab	preflight	sample_compare	cz24	19	4	8	0	-	-	cold	1	fixed_cz24_cold,fixed_cz24_warm,fixed_cz24_b1,fixed_cz24_cmg
fixed_cz25_cold	preflight	fixed	cz25	19	4	56	200	auto	auto	cold	1	prepare_cz25
fixed_cz25_warm	preflight	fixed	cz25	19	4	56	200	auto	auto	warm	1	prepare_cz25
fixed_cz25_b1	preflight	fixed	cz25	19	4	56	200	32	diagonal	cold	1	prepare_cz25
fixed_cz25_cmg	preflight	fixed	cz25	19	4	56	200	32	cmg	cold	1	prepare_cz25
compare_cz25_matlab	preflight	sample_compare	cz25	19	4	8	0	-	-	cold	1	fixed_cz25_cold,fixed_cz25_warm,fixed_cz25_b1,fixed_cz25_cmg
cz18_preflight	preflight	cz18_preflight	cz18	19	4	56	20	8	auto	cold	1	prepare_cz18
cal_cmg_b8_p20_cold	calibration	calibration	cz18	19	4	56	20	8	cmg	cold	1	cz18_preflight
cal_cmg_b8_p20_warm	calibration	calibration	cz18	19	4	56	20	8	cmg	warm	1	cal_cmg_b8_p20_cold
cal_cmg_b8_p40_cold	calibration	calibration	cz18	19	4	56	40	8	cmg	cold	1	cal_cmg_b8_p20_warm
cal_cmg_b8_p40_warm	calibration	calibration	cz18	19	4	56	40	8	cmg	warm	1	cal_cmg_b8_p40_cold
cal_cmg_b16_p20_cold	calibration	calibration	cz18	19	4	56	20	16	cmg	cold	1	cz18_preflight
cal_cmg_b16_p20_warm	calibration	calibration	cz18	19	4	56	20	16	cmg	warm	1	cal_cmg_b16_p20_cold
cal_cmg_b16_p40_cold	calibration	calibration	cz18	19	4	56	40	16	cmg	cold	1	cal_cmg_b16_p20_warm
cal_cmg_b16_p40_warm	calibration	calibration	cz18	19	4	56	40	16	cmg	warm	1	cal_cmg_b16_p40_cold
cal_cmg_bauto_p20_cold	calibration	calibration	cz18	19	4	56	20	auto	cmg	cold	1	cz18_preflight
cal_cmg_bauto_p20_warm	calibration	calibration	cz18	19	4	56	20	auto	cmg	warm	1	cal_cmg_bauto_p20_cold
cal_cmg_bauto_p40_cold	calibration	calibration	cz18	19	4	56	40	auto	cmg	cold	1	cal_cmg_bauto_p20_warm
cal_cmg_bauto_p40_warm	calibration	calibration	cz18	19	4	56	40	auto	cmg	warm	1	cal_cmg_bauto_p40_cold
cal_auto_b8_p20_cold	calibration	calibration	cz18	19	4	56	20	8	auto	cold	1	cz18_preflight
cal_auto_b8_p20_warm	calibration	calibration	cz18	19	4	56	20	8	auto	warm	1	cal_auto_b8_p20_cold
cal_auto_b8_p40_cold	calibration	calibration	cz18	19	4	56	40	8	auto	cold	1	cal_auto_b8_p20_warm
cal_auto_b8_p40_warm	calibration	calibration	cz18	19	4	56	40	8	auto	warm	1	cal_auto_b8_p40_cold
cal_auto_b16_p20_cold	calibration	calibration	cz18	19	4	56	20	16	auto	cold	1	cz18_preflight
cal_auto_b16_p20_warm	calibration	calibration	cz18	19	4	56	20	16	auto	warm	1	cal_auto_b16_p20_cold
cal_auto_b16_p40_cold	calibration	calibration	cz18	19	4	56	40	16	auto	cold	1	cal_auto_b16_p20_warm
cal_auto_b16_p40_warm	calibration	calibration	cz18	19	4	56	40	16	auto	warm	1	cal_auto_b16_p40_cold
cal_auto_bauto_p20_cold	calibration	calibration	cz18	19	4	56	20	auto	auto	cold	1	cz18_preflight
cal_auto_bauto_p20_warm	calibration	calibration	cz18	19	4	56	20	auto	auto	warm	1	cal_auto_bauto_p20_cold
cal_auto_bauto_p40_cold	calibration	calibration	cz18	19	4	56	40	auto	auto	cold	1	cal_auto_bauto_p20_warm
cal_auto_bauto_p40_warm	calibration	calibration	cz18	19	4	56	40	auto	auto	warm	1	cal_auto_bauto_p40_cold
calibration_selector	calibration	calibration_selector	cz18	19	4	8	0	-	-	cold	1	cal_cmg_b8_p20_cold,cal_cmg_b8_p20_warm,cal_cmg_b8_p40_cold,cal_cmg_b8_p40_warm,cal_cmg_b16_p20_cold,cal_cmg_b16_p20_warm,cal_cmg_b16_p40_cold,cal_cmg_b16_p40_warm,cal_cmg_bauto_p20_cold,cal_cmg_bauto_p20_warm,cal_cmg_bauto_p40_cold,cal_cmg_bauto_p40_warm,cal_auto_b8_p20_cold,cal_auto_b8_p20_warm,cal_auto_b8_p40_cold,cal_auto_b8_p40_warm,cal_auto_b16_p20_cold,cal_auto_b16_p20_warm,cal_auto_b16_p40_cold,cal_auto_b16_p40_warm,cal_auto_bauto_p20_cold,cal_auto_bauto_p20_warm,cal_auto_bauto_p40_cold,cal_auto_bauto_p40_warm
cz18_full200	production	full	cz18	19	0	56	200	selected	selected	cold	1	calibration_selector
cz18_stress2x_cal20	production	stress2x	cz18	19	0	56	20	auto	selected	cold	1	cz18_full200
cz18_stress2x_full200	production	stress2x	cz18	19	0	56	200	auto	selected	cold	1	cz18_stress2x_cal20
