structure	connectivity	cells_per_worker	rows	workers	firms	active_cores	stata_processors	effective_role_cores	role	cell_status	successful_repetitions	command_seconds_median	command_seconds_min	command_seconds_max	phase_rss_bytes_median	phase_rss_bytes_min	phase_rss_bytes_max	process_rss_bytes_median	process_rss_bytes_min	process_rss_bytes_max	distinct_hosts	distinct_cpu_models	rust_to_matlab_time_ratio	rust_to_mata_time_ratio	rust_to_matlab_memory_ratio	rust_to_mata_memory_ratio	fastest_role
strong_d2	strong	2	7680	3840	96	1	1	1	mata	COMPLETE	3	6.688	5.703	7.077	245792768.0	234737664.0	246796288.0	245792768.0	234737664.0	246796288.0	3	2	0.16485806130702496	0.09170611958618272	0.05591917248253998	0.7575823223570191	rust
strong_d2	strong	2	7680	3840	96	1	1	1	rust	COMPLETE	3	0.647	0.523	0.976	184737792.0	183922688.0	186208256.0	184737792.0	183922688.0	186208256.0	3	2	0.16485806130702496	0.09170611958618272	0.05591917248253998	0.7575823223570191	rust
strong_d2	strong	2	7680	3840	96	1	1	1	matlab	COMPLETE	3	5.741082	3.172426	7.017539	3295490048.0	3283902464.0	3303657472.0	3321417728.0	3316396032.0	3330174976.0	3	2	0.16485806130702496	0.09170611958618272	0.05591917248253998	0.7575823223570191	rust
strong_d2	strong	2	7680	3840	96	2	2	2	mata	COMPLETE	3	6.415	6.17	6.423	247070720.0	243277824.0	247902208.0	247070720.0	243277824.0	247902208.0	3	1	0.13886890593156906	0.09886547811993517	0.03737521153876011	0.7954992316970408	rust
strong_d2	strong	2	7680	3840	96	2	2	2	rust	COMPLETE	3	0.613	0.61	0.911	197206016.0	190722048.0	197873664.0	197206016.0	190722048.0	197873664.0	3	1	0.13886890593156906	0.09886547811993517	0.03737521153876011	0.7954992316970408	rust
strong_d2	strong	2	7680	3840	96	2	2	2	matlab	COMPLETE	3	5.391671	4.392632	5.428765	5276385280.0	4938756096.0	5298077696.0	5327917056.0	5227102208.0	5350645760.0	3	1	0.13886890593156906	0.09886547811993517	0.03737521153876011	0.7954992316970408	rust
strong_d2	strong	2	7680	3840	96	4	4	4	mata	COMPLETE	3	5.796	4.719	6.227	256770048.0	253313024.0	257888256.0	256770048.0	253313024.0	257888256.0	3	3	0.1456332026949567	0.1013329050907339	0.023078863831710025	0.7854116810038161	rust
strong_d2	strong	2	7680	3840	96	4	4	4	rust	COMPLETE	3	0.631	0.449	0.765	198955008.0	194134016.0	215310336.0	198955008.0	194134016.0	215310336.0	3	3	0.1456332026949567	0.1013329050907339	0.023078863831710025	0.7854116810038161	rust
strong_d2	strong	2	7680	3840	96	4	4	4	matlab	COMPLETE	3	4.098957	3.483637	5.252923	8619929600.0	8456306688.0	8620658688.0	8683147264.0	8545677312.0	8694894592.0	3	3	0.1456332026949567	0.1013329050907339	0.023078863831710025	0.7854116810038161	rust
strong_d2	strong	2	7680	3840	96	8	4	4	mata	COMPLETE	3	5.575	3.138	6.092	257961984.0	257077248.0	263299072.0	257961984.0	257077248.0	263299072.0	3	3	0.1468236464080689	0.08304932735426009	0.013512622946623233	0.7755283507200813	rust
strong_d2	strong	2	7680	3840	96	8	4	8	rust	COMPLETE	3	0.463	0.261	0.504	203243520.0	200056832.0	209985536.0	203243520.0	200056832.0	209985536.0	3	3	0.1468236464080689	0.08304932735426009	0.013512622946623233	0.7755283507200813	rust
strong_d2	strong	2	7680	3840	96	8	4	8	matlab	COMPLETE	3	3.153443	2.938365	3.254477	15041011712.0	14946136064.0	15191535616.0	15160791040.0	15074344960.0	15365046272.0	3	3	0.1468236464080689	0.08304932735426009	0.013512622946623233	0.7755283507200813	rust
strong_d2	strong	2	7680	3840	96	16	4	4	mata	COMPLETE	3	6.296	3.146	7.094	257224704.0	255897600.0	264224768.0	257224704.0	255897600.0	264224768.0	3	3	0.1436043915403243	0.09261347617705103	0.0076480409891594	0.8182953181272509	rust
strong_d2	strong	2	7680	3840	96	16	4	16	rust	COMPLETE	3	0.657	0.259	0.882	215949312.0	209399808.0	221245440.0	215949312.0	209399808.0	221245440.0	3	3	0.1436043915403243	0.09261347617705103	0.0076480409891594	0.8182953181272509	rust
strong_d2	strong	2	7680	3840	96	16	4	16	matlab	COMPLETE	3	4.575069	2.798052	5.325715	28235898880.0	28172787712.0	28376322048.0	28475437056.0	28439121920.0	28748251136.0	3	3	0.1436043915403243	0.09261347617705103	0.0076480409891594	0.8182953181272509	rust
strong_d2	strong	2	30720	15360	384	1	1	1	mata	COMPLETE	3	8.91	8.62	19.712	505880576.0	498434048.0	505884672.0	505880576.0	498434048.0	505884672.0	3	2	0.18087114309518146	0.0962877030162413	0.08431145197187735	0.5637701812057714	rust
strong_d2	strong	2	30720	15360	384	1	1	1	rust	COMPLETE	3	0.866	0.83	1.689	281157632.0	281026560.0	285200384.0	281157632.0	281026560.0	285200384.0	3	2	0.18087114309518146	0.0962877030162413	0.08431145197187735	0.5637701812057714	rust
strong_d2	strong	2	30720	15360	384	1	1	1	matlab	COMPLETE	3	4.787939	4.483404	11.726587	3345522688.0	3334750208.0	3347013632.0	3361439744.0	3357962240.0	3980075008.0	3	2	0.18087114309518146	0.0962877030162413	0.08431145197187735	0.5637701812057714	rust
strong_d2	strong	2	30720	15360	384	2	2	2	mata	COMPLETE	3	19.481	15.329	19.547	514408448.0	512651264.0	525840384.0	514408448.0	512651264.0	525840384.0	3	2	0.14373235666309742	0.07332507012851458	0.05673057587839258	0.5769089960195982	rust
strong_d2	strong	2	30720	15360	384	2	2	2	rust	COMPLETE	3	1.323	1.124	1.526	303362048.0	294727680.0	307380224.0	303362048.0	294727680.0	307380224.0	3	2	0.14373235666309742	0.07332507012851458	0.05673057587839258	0.5769089960195982	rust
strong_d2	strong	2	30720	15360	384	2	2	2	matlab	COMPLETE	3	9.204608	6.34752	11.148336	5418246144.0	5253140480.0	5558022144.0	5437186048.0	5292404736.0	5595205632.0	3	2	0.14373235666309742	0.07332507012851458	0.05673057587839258	0.5769089960195982	rust
strong_d2	strong	2	30720	15360	384	4	4	4	mata	COMPLETE	3	9.182	8.968	13.205	536113152.0	524685312.0	543879168.0	536113152.0	524685312.0	543879168.0	3	2	0.19315578535302746	0.06861250272271836	0.037611027661158314	0.5764147481986307	rust
strong_d2	strong	2	30720	15360	384	4	4	4	rust	COMPLETE	3	0.63	0.591	1.064	311529472.0	302436352.0	313114624.0	311529472.0	302436352.0	313114624.0	3	2	0.19315578535302746	0.06861250272271836	0.037611027661158314	0.5764147481986307	rust
strong_d2	strong	2	30720	15360	384	4	4	4	matlab	COMPLETE	3	3.261616	3.184684	4.020719	8281681920.0	8246300672.0	8325074944.0	8708501504.0	8635363328.0	8729395200.0	3	2	0.19315578535302746	0.06861250272271836	0.037611027661158314	0.5764147481986307	rust
strong_d2	strong	2	30720	15360	384	8	4	4	mata	COMPLETE	3	19.603	14.132	19.756	531066880.0	521252864.0	549871616.0	531066880.0	521252864.0	549871616.0	3	2	0.18526679370256932	0.04953297480894424	0.02067849729068185	0.607257639931164	rust
strong_d2	strong	2	30720	15360	384	8	4	8	rust	COMPLETE	3	0.806	0.7	1.265	324214784.0	316534784.0	324579328.0	324214784.0	316534784.0	324579328.0	3	2	0.18526679370256932	0.04953297480894424	0.02067849729068185	0.607257639931164	rust
strong_d2	strong	2	30720	15360	384	8	4	8	matlab	COMPLETE	3	5.929878	3.297561	6.827991	15340240896.0	15263322112.0	15696465920.0	15425011712.0	15386808320.0	15765610496.0	3	2	0.18526679370256932	0.04953297480894424	0.02067849729068185	0.607257639931164	rust
strong_d2	strong	2	30720	15360	384	16	4	4	mata	COMPLETE	3	19.771	19.704	19.895	527175680.0	521723904.0	537681920.0	527175680.0	521723904.0	537681920.0	3	1	0.1290431045652081	0.03770807957775071	0.011266300874414329	0.60871761003846	rust
strong_d2	strong	2	30720	15360	384	16	4	16	rust	COMPLETE	3	0.743	0.724	1.03	324489216.0	320901120.0	326012928.0	324489216.0	320901120.0	326012928.0	3	1	0.1290431045652081	0.03770807957775071	0.011266300874414329	0.60871761003846	rust
strong_d2	strong	2	30720	15360	384	16	4	16	matlab	COMPLETE	3	6.883973	5.757766	7.037373	28576432128.0	28549206016.0	28801753088.0	28758872064.0	28733755392.0	28998971392.0	3	1	0.1290431045652081	0.03770807957775071	0.011266300874414329	0.60871761003846	rust
strong_d2	strong	2	122880	61440	1536	1	1	1	mata	COMPLETE	3	85.425	84.952	86.032	1378119680.0	1375592448.0	1381756928.0	1378119680.0	1375592448.0	1381756928.0	3	1	0.06597672011199675	0.1001271306149355	0.16689301775572	0.4162042472247403	rust
strong_d2	strong	2	122880	61440	1536	1	1	1	rust	COMPLETE	3	8.562	8.506	8.615	573579264.0	572301312.0	577167360.0	573579264.0	572301312.0	577167360.0	3	1	0.06597672011199675	0.1001271306149355	0.16689301775572	0.4162042472247403	rust
strong_d2	strong	2	122880	61440	1536	1	1	1	matlab	COMPLETE	3	130.045036	129.773047	130.359752	3458277376.0	3429150720.0	3458789376.0	3478237184.0	3444981760.0	3478839296.0	3	1	0.06597672011199675	0.1001271306149355	0.16689301775572	0.4162042472247403	rust
strong_d2	strong	2	122880	61440	1536	2	2	2	mata	COMPLETE	3	58.461	39.469	83.109	1275400192.0	1272655872.0	1305354240.0	1275400192.0	1272655872.0	1305354240.0	3	3	0.07444375609644856	0.07162583293217462	0.09421375961364895	0.40987489821600415	rust
strong_d2	strong	2	122880	61440	1536	2	2	2	rust	COMPLETE	3	4.391	2.827	5.051	524705792.0	521629696.0	530857984.0	524705792.0	521629696.0	530857984.0	3	3	0.07444375609644856	0.07162583293217462	0.09421375961364895	0.40987489821600415	rust
strong_d2	strong	2	122880	61440	1536	2	2	2	matlab	COMPLETE	3	53.777847	37.974978	78.184314	5536661504.0	5450723328.0	5706076160.0	5564977152.0	5478744064.0	5736157184.0	3	3	0.07444375609644856	0.07162583293217462	0.09421375961364895	0.40987489821600415	rust
strong_d2	strong	2	122880	61440	1536	4	4	4	mata	COMPLETE	3	57.535	38.545	83.497	1297195008.0	1293234176.0	1359163392.0	1297195008.0	1293234176.0	1359163392.0	3	3	0.09234664166609956	0.04960435854196393	0.05868260442662336	0.41133433207382236	rust
strong_d2	strong	2	122880	61440	1536	4	4	4	rust	COMPLETE	3	3.244	1.912	3.435	531951616.0	519397376.0	538345472.0	531951616.0	519397376.0	538345472.0	3	3	0.09234664166609956	0.04960435854196393	0.05868260442662336	0.41133433207382236	rust
strong_d2	strong	2	122880	61440	1536	4	4	4	matlab	COMPLETE	3	30.227979	20.704597	49.731033	9064894464.0	8716210176.0	9213599744.0	9079627776.0	8772665344.0	9275523072.0	3	3	0.09234664166609956	0.04960435854196393	0.05868260442662336	0.41133433207382236	rust
strong_d2	strong	2	122880	61440	1536	8	4	4	mata	COMPLETE	3	83.535	83.137	83.716	1311469568.0	1294659584.0	1313247232.0	1311469568.0	1294659584.0	1313247232.0	3	1	0.0627601787968993	0.027031869654546323	0.033319629437807266	0.40672827704083064	rust
strong_d2	strong	2	122880	61440	1536	8	4	8	rust	COMPLETE	3	2.263	2.231	2.284	534134784.0	524873728.0	551321600.0	534134784.0	524873728.0	551321600.0	3	1	0.0627601787968993	0.027031869654546323	0.033319629437807266	0.40672827704083064	rust
strong_d2	strong	2	122880	61440	1536	8	4	8	matlab	COMPLETE	3	36.057896	34.811027	37.034354	16030633984.0	15959048192.0	16184975360.0	16076693504.0	16013500416.0	16239579136.0	3	1	0.0627601787968993	0.027031869654546323	0.033319629437807266	0.40672827704083064	rust
strong_d2	strong	2	122880	61440	1536	16	4	4	mata	COMPLETE	3	62.583	62.076	83.443	1319620608.0	1295671296.0	1339269120.0	1319620608.0	1295671296.0	1339269120.0	3	3	0.12445812630382845	0.03210580578645531	0.018702312081877556	0.4202679144875677	rust
strong_d2	strong	2	122880	61440	1536	16	4	16	rust	COMPLETE	3	1.993	1.815	2.273	562851840.0	552443904.0	564690944.0	562851840.0	552443904.0	564690944.0	3	3	0.12445812630382845	0.03210580578645531	0.018702312081877556	0.4202679144875677	rust
strong_d2	strong	2	122880	61440	1536	16	4	16	matlab	COMPLETE	3	16.160173	16.013418	25.274884	30193643520.0	29961748480.0	30409768960.0	30252564480.0	30061682688.0	30449672192.0	3	3	0.12445812630382845	0.03210580578645531	0.018702312081877556	0.4202679144875677	rust
strong_d2	strong	2	491520	245760	6144	1	1	1	mata	COMPLETE	3	441.54	439.235	443.317	4728795136.0	4718497792.0	4765409280.0	4728795136.0	4718497792.0	4765409280.0	3	1	0.057175388622555605	0.25032877151113087	0.44223292899018946	0.3754979467141797	rust
strong_d2	strong	2	491520	245760	6144	1	1	1	rust	COMPLETE	3	110.245	108.897	110.975	1776001024.0	1775652864.0	1778774016.0	1776001024.0	1775652864.0	1778774016.0	3	1	0.057175388622555605	0.25032877151113087	0.44223292899018946	0.3754979467141797	rust
strong_d2	strong	2	491520	245760	6144	1	1	1	matlab	COMPLETE	3	1939.904711	1904.613202	1943.942088	4015198208.0	3957231616.0	4057120768.0	4015198208.0	3957231616.0	4057120768.0	3	1	0.057175388622555605	0.25032877151113087	0.44223292899018946	0.3754979467141797	rust
strong_d2	strong	2	491520	245760	6144	2	2	2	mata	COMPLETE	3	426.803	425.882	432.305	4347613184.0	4315295744.0	4366413824.0	4347613184.0	4315295744.0	4366413824.0	3	1	0.08373134643055535	0.1817189252957981	0.23260266784846115	0.33328088831188896	rust
strong_d2	strong	2	491520	245760	6144	2	2	2	rust	COMPLETE	3	78.443	75.318	78.558	1452236800.0	1448976384.0	1487237120.0	1452236800.0	1448976384.0	1487237120.0	3	1	0.08373134643055535	0.1817189252957981	0.23260266784846115	0.33328088831188896	rust
strong_d2	strong	2	491520	245760	6144	2	2	2	matlab	COMPLETE	3	938.214938	914.070415	949.56613	6333476864.0	6229405696.0	6336872448.0	6333476864.0	6230274048.0	6336872448.0	3	1	0.08373134643055535	0.1817189252957981	0.23260266784846115	0.33328088831188896	rust
strong_d2	strong	2	491520	245760	6144	4	4	4	mata	COMPLETE	3	412.148	406.053	415.259	4425060352.0	4248465408.0	4469932032.0	4425060352.0	4248465408.0	4469932032.0	3	1	0.08433466001853991	0.10747611764966641	0.1488892821080588	0.3424431450556632	rust
strong_d2	strong	2	491520	245760	6144	4	4	4	rust	COMPLETE	3	43.641	42.672	47.333	1509879808.0	1502666752.0	1515331584.0	1509879808.0	1502666752.0	1515331584.0	3	1	0.08433466001853991	0.10747611764966641	0.1488892821080588	0.3424431450556632	rust
strong_d2	strong	2	491520	245760	6144	4	4	4	matlab	COMPLETE	3	517.974513	505.984135	518.852419	10092511232.0	10046906368.0	10205597696.0	10092511232.0	10046906368.0	10205597696.0	3	1	0.08433466001853991	0.10747611764966641	0.1488892821080588	0.3424431450556632	rust
strong_d2	strong	2	491520	245760	6144	8	4	4	mata	COMPLETE	3	404.011	321.308	404.022	4515688448.0	4297064448.0	4567375872.0	4515688448.0	4297064448.0	4567375872.0	3	2	0.04441647262810869	0.05323719995445793	0.08899018087336903	0.3540708395655909	rust
strong_d2	strong	2	491520	245760	6144	8	4	8	rust	COMPLETE	3	21.225	19.272	21.509	1598873600.0	1575825408.0	1823129600.0	1598873600.0	1575825408.0	1823129600.0	3	2	0.04441647262810869	0.05323719995445793	0.08899018087336903	0.3540708395655909	rust
strong_d2	strong	2	491520	245760	6144	8	4	8	matlab	COMPLETE	3	482.087431	201.270433	484.257275	17966854144.0	17917194240.0	18003177472.0	17966854144.0	17917194240.0	18003177472.0	3	2	0.04441647262810869	0.05323719995445793	0.08899018087336903	0.3540708395655909	rust
strong_d2	strong	2	491520	245760	6144	16	4	4	mata	COMPLETE	3	213.91	211.403	340.55	4364140544.0	4357492736.0	4398026752.0	4364140544.0	4357492736.0	4398026752.0	3	3	0.09139344215964704	0.033948025253266775	0.04785659425033995	0.3746142515657885	rust
strong_d2	strong	2	491520	245760	6144	16	4	16	rust	COMPLETE	3	11.228	6.809	11.561	1632378880.0	1572626432.0	1813827584.0	1632378880.0	1572626432.0	1813827584.0	3	3	0.09139344215964704	0.033948025253266775	0.04785659425033995	0.3746142515657885	rust
strong_d2	strong	2	491520	245760	6144	16	4	16	matlab	COMPLETE	3	105.504587	91.377129	126.497041	33859321856.0	33759518720.0	34109800448.0	33859321856.0	33759518720.0	34109800448.0	3	3	0.09139344215964704	0.033948025253266775	0.04785659425033995	0.3746142515657885	rust
strong_d2	strong	2	1966080	983040	24576	1	1	1	mata	CENSORED	0										0	0					NONE
strong_d2	strong	2	1966080	983040	24576	1	1	1	rust	CENSORED	0										0	0					NONE
strong_d2	strong	2	1966080	983040	24576	1	1	1	matlab	CENSORED	0										0	0					NONE
strong_d2	strong	2	1966080	983040	24576	2	2	2	mata	COMPLETE	3	2958.14	2815.117	5396.715	16240869376.0	15851065344.0	16257437696.0	16240869376.0	15851065344.0	16257437696.0	3	3	0.35422062464301174	0.43900483905486953	0.8013064859393156	0.3990790357816543	rust
strong_d2	strong	2	1966080	983040	24576	2	2	2	rust	COMPLETE	3	1478.345	1237.313	2369.184	6488002560.0	6409150464.0	6848196608.0	6488002560.0	6409150464.0	6848196608.0	3	3	0.35422062464301174	0.43900483905486953	0.8013064859393156	0.3990790357816543	rust
strong_d2	strong	2	1966080	983040	24576	2	2	2	matlab	COMPLETE	3	3493.057473	3450.551761	6992.469159	8238616576.0	8096780288.0	8329420800.0	8238616576.0	8096780288.0	8329420800.0	3	3	0.35422062464301174	0.43900483905486953	0.8013064859393156	0.3990790357816543	rust
strong_d2	strong	2	1966080	983040	24576	4	4	4	mata	COMPLETE	3	4373.06	2529.582	4678.742	16216596480.0	15910477824.0	16365903872.0	16216596480.0	15910477824.0	16365903872.0	3	3	0.4018457813803865	0.34364452308721366	0.4525726272140468	0.3669727945280908	rust
strong_d2	strong	2	1966080	983040	24576	4	4	4	rust	COMPLETE	3	1456.188	869.277	1683.601	5951049728.0	5789659136.0	6092791808.0	5951049728.0	5789659136.0	6092791808.0	3	3	0.4018457813803865	0.34364452308721366	0.4525726272140468	0.3669727945280908	rust
strong_d2	strong	2	1966080	983040	24576	4	4	4	matlab	COMPLETE	3	3241.494719	2163.210466	4646.740043	13101797376.0	13027565568.0	13149380608.0	13101797376.0	13027565568.0	13149380608.0	3	3	0.4018457813803865	0.34364452308721366	0.4525726272140468	0.3669727945280908	rust
strong_d2	strong	2	1966080	983040	24576	8	4	4	mata	COMPLETE	3	4618.935	3959.006	4686.235	16156569600.0	16142061568.0	16405483520.0	16156569600.0	16142061568.0	16405483520.0	3	2	0.24519365443041505	0.1676388604732476	0.26141805385618433	0.3660535123319547	rust
strong_d2	strong	2	1966080	983040	24576	8	4	8	rust	COMPLETE	3	774.313	744.176	777.436	5929054208.0	5859024896.0	6005284864.0	5929054208.0	5859024896.0	6005284864.0	3	2	0.24519365443041505	0.1676388604732476	0.26141805385618433	0.3660535123319547	rust
strong_d2	strong	2	1966080	983040	24576	8	4	8	matlab	COMPLETE	3	3157.965086	1924.957594	3427.089638	22440153088.0	22412472320.0	22800642048.0	22440153088.0	22412472320.0	22800642048.0	3	2	0.24519365443041505	0.1676388604732476	0.26141805385618433	0.3660535123319547	rust
strong_d2	strong	2	1966080	983040	24576	16	4	4	mata	COMPLETE	3	4561.679	4040.074	4631.967	16210796544.0	15582187520.0	16402472960.0	16210796544.0	15582187520.0	16402472960.0	3	3	0.3279127883573785	0.10666958080470802	0.14204941404640373	0.35566440627089274	rust
strong_d2	strong	2	1966080	983040	24576	16	4	16	rust	COMPLETE	3	433.482	430.953	557.69	5827342336.0	5765603328.0	5838614528.0	5827342336.0	5765603328.0	5838614528.0	3	3	0.3279127883573785	0.10666958080470802	0.14204941404640373	0.35566440627089274	rust
strong_d2	strong	2	1966080	983040	24576	16	4	16	matlab	COMPLETE	3	1691.496196	1311.557947	1700.726595	40999272448.0	40631590912.0	41102700544.0	40999272448.0	40631590912.0	41102700544.0	3	3	0.3279127883573785	0.10666958080470802	0.14204941404640373	0.35566440627089274	rust
strong_d3	strong	3	7680	2560	64	1	1	1	mata	COMPLETE	3	3.245	3.098	5.008	227856384.0	227844096.0	228782080.0	227856384.0	227844096.0	228782080.0	3	3	0.15418906444761768	0.09183359013867488	0.05631386626076523	0.8167403732067738	rust
strong_d3	strong	3	7680	2560	64	1	1	1	rust	COMPLETE	3	0.452	0.298	0.528	186089472.0	183058432.0	186871808.0	186089472.0	183058432.0	186871808.0	3	3	0.15418906444761768	0.09183359013867488	0.05631386626076523	0.8167403732067738	rust
strong_d3	strong	3	7680	2560	64	1	1	1	matlab	COMPLETE	3	2.882542	2.673759	2.931466	3301273600.0	3283922944.0	3304505344.0	3327381504.0	3315871744.0	3332702208.0	3	3	0.15418906444761768	0.09183359013867488	0.05631386626076523	0.8167403732067738	rust
strong_d3	strong	3	7680	2560	64	2	2	2	mata	COMPLETE	3	6.443	6.009	6.557	241598464.0	231944192.0	241876992.0	241598464.0	231944192.0	241876992.0	3	2	0.12509842302399682	0.09390035697656371	0.03906514437472336	0.8242396531870216	rust
strong_d3	strong	3	7680	2560	64	2	2	2	rust	COMPLETE	3	0.605	0.595	1.307	196657152.0	192024576.0	199364608.0	196657152.0	192024576.0	199364608.0	3	2	0.12509842302399682	0.09390035697656371	0.03906514437472336	0.8242396531870216	rust
strong_d3	strong	3	7680	2560	64	2	2	2	matlab	COMPLETE	3	5.682512	4.756255	6.030506	5034082304.0	4960575488.0	5361274880.0	5326737408.0	5239934976.0	5405335552.0	3	2	0.12509842302399682	0.09390035697656371	0.03906514437472336	0.8242396531870216	rust
strong_d3	strong	3	7680	2560	64	4	4	4	mata	COMPLETE	3	6.464	6.085	6.576	250462208.0	239493120.0	251342848.0	250462208.0	239493120.0	251342848.0	3	2	0.1506729991924257	0.10238290879211175	0.0253042005867906	0.8018186855271092	rust
strong_d3	strong	3	7680	2560	64	4	4	4	rust	COMPLETE	3	0.624	0.623	0.731	201531392.0	199229440.0	203833344.0	201531392.0	199229440.0	203833344.0	3	2	0.1506729991924257	0.10238290879211175	0.0253042005867906	0.8018186855271092	rust
strong_d3	strong	3	7680	2560	64	4	4	4	matlab	COMPLETE	3	4.851566	3.609933	5.158455	8055316480.0	7788253184.0	8487686144.0	8595333120.0	8572932096.0	9260834816.0	3	2	0.1506729991924257	0.10238290879211175	0.0253042005867906	0.8018186855271092	rust
strong_d3	strong	3	7680	2560	64	8	4	4	mata	COMPLETE	3	6.09	6.084	6.113	245895168.0	239398912.0	249733120.0	245895168.0	239398912.0	249733120.0	3	2	0.1469644951930607	0.08243021346469623	0.013795698284698258	0.8427031799177119	rust
strong_d3	strong	3	7680	2560	64	8	4	8	rust	COMPLETE	3	0.502	0.501	0.606	207216640.0	206954496.0	209141760.0	207216640.0	206954496.0	209141760.0	3	2	0.1469644951930607	0.08243021346469623	0.013795698284698258	0.8427031799177119	rust
strong_d3	strong	3	7680	2560	64	8	4	8	matlab	COMPLETE	3	3.415791	3.38498	4.48768	15001378816.0	14971740160.0	15039787008.0	15147704320.0	15120883712.0	15187369984.0	3	2	0.1469644951930607	0.08243021346469623	0.013795698284698258	0.8427031799177119	rust
strong_d3	strong	3	7680	2560	64	16	4	4	mata	COMPLETE	3	6.062	5.723	6.469	242257920.0	239104000.0	247582720.0	242257920.0	239104000.0	247582720.0	3	2	0.10692281440204224	0.07555262289673376	0.00769825648838095	0.8953926790092146	rust
strong_d3	strong	3	7680	2560	64	16	4	16	rust	COMPLETE	3	0.464	0.458	1.005	217350144.0	216915968.0	218808320.0	217350144.0	216915968.0	218808320.0	3	2	0.10692281440204224	0.07555262289673376	0.00769825648838095	0.8953926790092146	rust
strong_d3	strong	3	7680	2560	64	16	4	16	matlab	COMPLETE	3	4.339579	3.944131	4.545115	28177285120.0	28101652480.0	28363800576.0	28500434944.0	28391796736.0	28627509248.0	3	2	0.10692281440204224	0.07555262289673376	0.00769825648838095	0.8953926790092146	rust
strong_d3	strong	3	30720	10240	256	1	1	1	mata	COMPLETE	3	8.44	8.118	8.652	463552512.0	451776512.0	466407424.0	463552512.0	451776512.0	466407424.0	3	2	0.1720633361375745	0.08980582524271846	0.08338732747344099	0.6065899692503446	rust
strong_d3	strong	3	30720	10240	256	1	1	1	rust	COMPLETE	3	0.777	0.748	0.931	279388160.0	277782528.0	281186304.0	279388160.0	277782528.0	281186304.0	3	2	0.1720633361375745	0.08980582524271846	0.08338732747344099	0.6065899692503446	rust
strong_d3	strong	3	30720	10240	256	1	1	1	matlab	COMPLETE	3	4.515779	4.181268	5.645794	3342557184.0	3339288576.0	3350487040.0	3365048320.0	3358408704.0	3369644032.0	3	2	0.1720633361375745	0.08980582524271846	0.08338732747344099	0.6065899692503446	rust
strong_d3	strong	3	30720	10240	256	2	2	2	mata	COMPLETE	3	18.894	18.756	19.268	485322752.0	475082752.0	487997440.0	485322752.0	475082752.0	487997440.0	3	2	0.11746779500503868	0.06190019193857966	0.055113908253228136	0.6124223602484472	rust
strong_d3	strong	3	30720	10240	256	2	2	2	rust	COMPLETE	3	1.161	1.134	1.392	296075264.0	294846464.0	298860544.0	296075264.0	294846464.0	298860544.0	3	2	0.11746779500503868	0.06190019193857966	0.055113908253228136	0.6124223602484472	rust
strong_d3	strong	3	30720	10240	256	2	2	2	matlab	COMPLETE	3	9.88356	8.305759	11.863585	5349765120.0	5316837376.0	5426872320.0	5389619200.0	5338935296.0	5450321920.0	3	2	0.11746779500503868	0.06190019193857966	0.055113908253228136	0.6124223602484472	rust
strong_d3	strong	3	30720	10240	256	4	4	4	mata	COMPLETE	3	19.04	15.921	19.329	499441664.0	494653440.0	511594496.0	499441664.0	494653440.0	511594496.0	3	2	0.14222169684337096	0.04852941176470588	0.03514879545417128	0.6128151294962849	rust
strong_d3	strong	3	30720	10240	256	4	4	4	rust	COMPLETE	3	0.924	0.922	1.131	305053696.0	303923200.0	306065408.0	305053696.0	303923200.0	306065408.0	3	2	0.14222169684337096	0.04852941176470588	0.03514879545417128	0.6128151294962849	rust
strong_d3	strong	3	30720	10240	256	4	4	4	matlab	COMPLETE	3	7.000183	6.496899	7.828446	8701935616.0	8653742080.0	8707706880.0	8741167104.0	8693854208.0	8772055040.0	3	2	0.14222169684337096	0.04852941176470588	0.03514879545417128	0.6128151294962849	rust
strong_d3	strong	3	30720	10240	256	8	4	4	mata	COMPLETE	3	19.205	15.462	19.233	488382464.0	486727680.0	491667456.0	488382464.0	486727680.0	491667456.0	3	2	0.1454443302613728	0.043396714525934556	0.020275802070566343	0.6323103069079277	rust
strong_d3	strong	3	30720	10240	256	8	4	8	rust	COMPLETE	3	0.76	0.671	1.088	307769344.0	305250304.0	310886400.0	307769344.0	305250304.0	310886400.0	3	2	0.1454443302613728	0.043396714525934556	0.020275802070566343	0.6323103069079277	rust
strong_d3	strong	3	30720	10240	256	8	4	8	matlab	COMPLETE	3	5.60887	4.613449	6.989097	15238447104.0	15179145216.0	15247175680.0	15281164288.0	15256940544.0	15367524352.0	3	2	0.1454443302613728	0.043396714525934556	0.020275802070566343	0.6323103069079277	rust
strong_d3	strong	3	30720	10240	256	16	4	4	mata	COMPLETE	3	19.246	16.367	19.282	482910208.0	481517568.0	488116224.0	482910208.0	481517568.0	488116224.0	3	2	0.129879740133717	0.03538397589109426	0.011492198144369758	0.6781078276255125	rust
strong_d3	strong	3	30720	10240	256	16	4	16	rust	COMPLETE	3	0.681	0.679	1.31	326520832.0	322154496.0	333025280.0	326520832.0	322154496.0	333025280.0	3	2	0.129879740133717	0.03538397589109426	0.011492198144369758	0.6781078276255125	rust
strong_d3	strong	3	30720	10240	256	16	4	16	matlab	COMPLETE	3	5.953098	5.243312	6.834899	28503769088.0	28412391424.0	28591267840.0	28705697792.0	28580462592.0	28773605376.0	3	2	0.129879740133717	0.03538397589109426	0.011492198144369758	0.6781078276255125	rust
strong_d3	strong	3	122880	40960	1024	1	1	1	mata	COMPLETE	3	81.114	81.076	82.05	1163272192.0	1155817472.0	1242984448.0	1163272192.0	1155817472.0	1242984448.0	3	1	0.23178461072188258	0.12918742907888894	0.1553195692625816	0.46159886197984523	rust
strong_d3	strong	3	122880	40960	1024	1	1	1	rust	COMPLETE	3	10.517	10.474	10.563	537796608.0	536965120.0	539611136.0	537796608.0	536965120.0	539611136.0	3	1	0.23178461072188258	0.12918742907888894	0.1553195692625816	0.46159886197984523	rust
strong_d3	strong	3	122880	40960	1024	1	1	1	matlab	COMPLETE	3	45.572482	45.117206	46.69325	3462516736.0	3456135168.0	3474259968.0	3462516736.0	3457085440.0	3474259968.0	3	1	0.23178461072188258	0.12918742907888894	0.1553195692625816	0.46159886197984523	rust
strong_d3	strong	3	122880	40960	1024	2	2	2	mata	COMPLETE	3	66.847	65.862	79.673	1165864960.0	1131094016.0	1191510016.0	1165864960.0	1131094016.0	1191510016.0	3	3	0.24670312028133545	0.09402067407662275	0.0898285739862143	0.425028545329984	rust
strong_d3	strong	3	122880	40960	1024	2	2	2	rust	COMPLETE	3	6.202	6.173	6.285	495525888.0	493228032.0	497238016.0	495525888.0	493228032.0	497238016.0	3	3	0.24670312028133545	0.09402067407662275	0.0898285739862143	0.425028545329984	rust
strong_d3	strong	3	122880	40960	1024	2	2	2	matlab	COMPLETE	3	25.139528	24.347419	29.681017	5517996032.0	5490769920.0	5774077952.0	5544599552.0	5508771840.0	5793988608.0	3	3	0.24670312028133545	0.09402067407662275	0.0898285739862143	0.425028545329984	rust
strong_d3	strong	3	122880	40960	1024	4	4	4	mata	COMPLETE	3	65.588	61.614	79.862	1186172928.0	1122738176.0	1196388352.0	1186172928.0	1122738176.0	1196388352.0	3	3	0.21261720885691324	0.060018826889992535	0.05598880460404746	0.43010472907044817	rust
strong_d3	strong	3	122880	40960	1024	4	4	4	rust	COMPLETE	3	3.857	3.698	4.331	504242176.0	493637632.0	514572288.0	504242176.0	493637632.0	514572288.0	3	3	0.21261720885691324	0.060018826889992535	0.05598880460404746	0.43010472907044817	rust
strong_d3	strong	3	122880	40960	1024	4	4	4	matlab	COMPLETE	3	20.369941	17.239903	21.705635	9006125056.0	8990535680.0	9041879040.0	9063313408.0	9039532032.0	9071624192.0	3	3	0.21261720885691324	0.060018826889992535	0.05598880460404746	0.43010472907044817	rust
strong_d3	strong	3	122880	40960	1024	8	4	4	mata	COMPLETE	3	79.529	79.425	79.955	1205178368.0	1167048704.0	1218347008.0	1205178368.0	1167048704.0	1218347008.0	3	1	0.14972970692416201	0.032886370790053514	0.032007224227080015	0.42497175976977486	rust
strong_d3	strong	3	122880	40960	1024	8	4	8	rust	COMPLETE	3	2.612	2.593	2.632	505806848.0	505118720.0	517763072.0	505806848.0	505118720.0	517763072.0	3	1	0.14972970692416201	0.032886370790053514	0.032007224227080015	0.42497175976977486	rust
strong_d3	strong	3	122880	40960	1024	8	4	8	matlab	COMPLETE	3	17.444768	17.004798	17.670012	15873036288.0	15802896384.0	15953223680.0	15938510848.0	15862419456.0	16001376256.0	3	1	0.14972970692416201	0.032886370790053514	0.032007224227080015	0.42497175976977486	rust
strong_d3	strong	3	122880	40960	1024	16	4	4	mata	COMPLETE	3	72.218	66.514	79.495	1173626880.0	1109671936.0	1211928576.0	1173626880.0	1109671936.0	1211928576.0	3	2	0.2441581100547553	0.052740776377905405	0.01853712890679785	0.46820577251945694	rust
strong_d3	strong	3	122880	40960	1024	16	4	16	rust	COMPLETE	3	3.508	1.923	4.357	549498880.0	542351360.0	553181184.0	549498880.0	542351360.0	553181184.0	3	2	0.2441581100547553	0.052740776377905405	0.01853712890679785	0.46820577251945694	rust
strong_d3	strong	3	122880	40960	1024	16	4	16	matlab	COMPLETE	3	14.623304	14.367739	14.757479	29469835264.0	29284098048.0	29643149312.0	29645856768.0	29358108672.0	29755908096.0	3	2	0.2441581100547553	0.052740776377905405	0.01853712890679785	0.46820577251945694	rust
strong_d3	strong	3	491520	163840	4096	1	1	1	mata	COMPLETE	3	167.9	151.82	363.293	4410966016.0	4359565312.0	4416061440.0	4410966016.0	4359565312.0	4416061440.0	3	2	0.20718005255554028	0.12952352590827873	0.36046683026279186	0.3230126214601967	rust
strong_d3	strong	3	491520	163840	4096	1	1	1	rust	COMPLETE	3	21.747	20.79	34.71	1422356480.0	1414074368.0	1424797696.0	1422356480.0	1414074368.0	1424797696.0	3	2	0.20718005255554028	0.12952352590827873	0.36046683026279186	0.3230126214601967	rust
strong_d3	strong	3	491520	163840	4096	1	1	1	matlab	COMPLETE	3	104.966669	93.640773	204.464901	3938480128.0	3918753792.0	3945873408.0	3938951168.0	3918753792.0	3945873408.0	3	2	0.20718005255554028	0.12952352590827873	0.36046683026279186	0.3230126214601967	rust
strong_d3	strong	3	491520	163840	4096	2	2	2	mata	COMPLETE	3	347.987	301.603	349.855	4093198336.0	4054134784.0	4189634560.0	4093198336.0	4054134784.0	4189634560.0	3	2	0.16181888630671773	0.05798205105363131	0.18805218036255753	0.28654654595936885	rust
strong_d3	strong	3	491520	163840	4096	2	2	2	rust	COMPLETE	3	19.978	19.802	20.177	1200525312.0	1108160512.0	1229385728.0	1200525312.0	1108160512.0	1229385728.0	3	2	0.16181888630671773	0.05798205105363131	0.18805218036255753	0.28654654595936885	rust
strong_d3	strong	3	491520	163840	4096	2	2	2	matlab	COMPLETE	3	124.688783	106.841602	127.811621	6178734080.0	6143475712.0	6384001024.0	6206521344.0	6143475712.0	6384001024.0	3	2	0.16181888630671773	0.05798205105363131	0.18805218036255753	0.28654654595936885	rust
strong_d3	strong	3	491520	163840	4096	4	4	4	mata	COMPLETE	3	309.683	307.632	319.979	4006289408.0	3971641344.0	4108259328.0	4006289408.0	3971641344.0	4108259328.0	3	1	0.19788993785803058	0.04554657504609553	0.11453929685155465	0.28970472516060103	rust
strong_d3	strong	3	491520	163840	4096	4	4	4	rust	COMPLETE	3	14.105	11.253	14.594	1150603264.0	1138479104.0	1206276096.0	1150603264.0	1138479104.0	1206276096.0	3	1	0.19788993785803058	0.04554657504609553	0.11453929685155465	0.28970472516060103	rust
strong_d3	strong	3	491520	163840	4096	4	4	4	matlab	COMPLETE	3	68.62667	58.452014	73.748065	10066132992.0	10045489152.0	10171949056.0	10066132992.0	10045489152.0	10171949056.0	3	1	0.19788993785803058	0.04554657504609553	0.11453929685155465	0.28970472516060103	rust
strong_d3	strong	3	491520	163840	4096	8	4	4	mata	COMPLETE	3	346.937	332.242	348.286	4250423296.0	4040589312.0	4295421952.0	4250423296.0	4040589312.0	4295421952.0	3	2	0.10815371684022876	0.022191348861608878	0.0690229124653575	0.2953991564043978	rust
strong_d3	strong	3	491520	163840	4096	8	4	8	rust	COMPLETE	3	7.718	7.699	9.929	1255571456.0	1191518208.0	1569071104.0	1255571456.0	1191518208.0	1569071104.0	3	2	0.10815371684022876	0.022191348861608878	0.0690229124653575	0.2953991564043978	rust
strong_d3	strong	3	491520	163840	4096	8	4	8	matlab	COMPLETE	3	71.361394	56.177493	71.392243	18156548096.0	17654554624.0	18190647296.0	18156548096.0	17654554624.0	18190647296.0	3	2	0.10815371684022876	0.022191348861608878	0.0690229124653575	0.2953991564043978	rust
strong_d3	strong	3	491520	163840	4096	16	4	4	mata	COMPLETE	3	347.02	322.007	348.583	4044247040.0	4025221120.0	4203077632.0	4044247040.0	4025221120.0	4203077632.0	3	2	0.10548276531408184	0.016874030001463064	0.040968321019924585	0.32225659394334094	rust
strong_d3	strong	3	491520	163840	4096	16	4	16	rust	COMPLETE	3	5.882	5.798	9.863	1343918080.0	1297154048.0	1508749312.0	1343918080.0	1297154048.0	1508749312.0	3	2	0.10548276531408184	0.016874030001463064	0.040968321019924585	0.32225659394334094	rust
strong_d3	strong	3	491520	163840	4096	16	4	16	matlab	COMPLETE	3	55.762664	43.944561	56.877741	32960696320.0	32803835904.0	33502171136.0	32960696320.0	32803835904.0	33502171136.0	3	2	0.10548276531408184	0.016874030001463064	0.040968321019924585	0.32225659394334094	rust
strong_d3	strong	3	1966080	655360	16384	1	1	1	mata	COMPLETE	3	3478.122	2070.574	4294.752	13903290368.0	13639876608.0	14017748992.0	13903290368.0	13639876608.0	14017748992.0	3	3	0.3012904041506343	0.06044497576565745	0.6674361387054977	0.2549439393251979	rust
strong_d3	strong	3	1966080	655360	16384	1	1	1	rust	COMPLETE	3	210.235	158.829	233.061	3544559616.0	3536797696.0	3550674944.0	3544559616.0	3536797696.0	3550674944.0	3	3	0.3012904041506343	0.06044497576565745	0.6674361387054977	0.2549439393251979	rust
strong_d3	strong	3	1966080	655360	16384	1	1	1	matlab	COMPLETE	3	697.781931	505.404089	894.20056	5310709760.0	5218828288.0	5428183040.0	5310709760.0	5218828288.0	5428183040.0	3	3	0.3012904041506343	0.06044497576565745	0.6674361387054977	0.2549439393251979	rust
strong_d3	strong	3	1966080	655360	16384	2	2	2	mata	COMPLETE	3	3453.548	3448.338	3459.551	14764769280.0	14590083072.0	14782902272.0	14764769280.0	14590083072.0	14782902272.0	3	1	0.2393830129832363	0.0380293347113885	0.5747510969080856	0.3162291798439806	rust
strong_d3	strong	3	1966080	655360	16384	2	2	2	rust	COMPLETE	3	131.138	130.447	131.961	4669050880.0	4503449600.0	4801126400.0	4669050880.0	4503449600.0	4801126400.0	3	1	0.2393830129832363	0.0380293347113885	0.5747510969080856	0.3162291798439806	rust
strong_d3	strong	3	1966080	655360	16384	2	2	2	matlab	COMPLETE	3	548.969572	547.816649	549.180255	8277118976.0	8123604992.0	8298348544.0	8277118976.0	8123604992.0	8298348544.0	3	1	0.2393830129832363	0.0380293347113885	0.5747510969080856	0.3162291798439806	rust
strong_d3	strong	3	1966080	655360	16384	4	4	4	mata	COMPLETE	3	3054.354	2942.983	3119.72	14737637376.0	14591115264.0	15018430464.0	14737637376.0	14591115264.0	15018430464.0	3	2	0.20102602501698308	0.02504588531650228	0.37214852491662187	0.320790408794611	rust
strong_d3	strong	3	1966080	655360	16384	4	4	4	rust	COMPLETE	3	76.805	76.499	95.676	4817768448.0	4643409920.0	4938674176.0	4817768448.0	4643409920.0	4938674176.0	3	2	0.20102602501698308	0.02504588531650228	0.37214852491662187	0.320790408794611	rust
strong_d3	strong	3	1966080	655360	16384	4	4	4	matlab	COMPLETE	3	380.542768	294.414634	384.786573	12826677248.0	12691636224.0	12945821696.0	12826677248.0	12691636224.0	12945821696.0	3	2	0.20102602501698308	0.02504588531650228	0.37214852491662187	0.320790408794611	rust
strong_d3	strong	3	1966080	655360	16384	8	4	4	mata	COMPLETE	3	2975.277	2920.568	3067.555	14549536768.0	14407274496.0	15074426880.0	14549536768.0	14407274496.0	15074426880.0	3	2	0.23736459951055808	0.01947771803293058	0.2066812469462479	0.3058520003912746	rust
strong_d3	strong	3	1966080	655360	16384	8	4	8	rust	COMPLETE	3	56.886	45.55	59.126	4610543616.0	4270481408.0	4695420928.0	4610543616.0	4270481408.0	4695420928.0	3	2	0.23736459951055808	0.01947771803293058	0.2066812469462479	0.3058520003912746	rust
strong_d3	strong	3	1966080	655360	16384	8	4	8	matlab	COMPLETE	3	239.65663	214.471866	307.058472	22440988672.0	22307508224.0	22491058176.0	22440988672.0	22307508224.0	22491058176.0	3	2	0.23736459951055808	0.01947771803293058	0.2066812469462479	0.3058520003912746	rust
strong_d3	strong	3	1966080	655360	16384	16	4	4	mata	COMPLETE	3	3091.656	3057.655	3167.63	14713159680.0	14310879232.0	14814801920.0	14713159680.0	14310879232.0	14814801920.0	3	2	0.13779327804269062	0.010302892689225452	0.12438692246560924	0.3410544865370482	rust
strong_d3	strong	3	1966080	655360	16384	16	4	16	rust	COMPLETE	3	31.853	31.343	35.704	5002518528.0	4535500800.0	5017989120.0	5002518528.0	4535500800.0	5017989120.0	3	2	0.13779327804269062	0.010302892689225452	0.12438692246560924	0.3410544865370482	rust
strong_d3	strong	3	1966080	655360	16384	16	4	16	matlab	COMPLETE	3	233.806013	227.463926	252.952214	40248201216.0	40217399296.0	40625930240.0	40248201216.0	40217399296.0	40625930240.0	3	2	0.13779327804269062	0.010302892689225452	0.12438692246560924	0.3410544865370482	rust
strong_d6	strong	6	7680	1280	32	1	1	1	mata	COMPLETE	3	3.064	2.877	6.247	222302208.0	222236672.0	223875072.0	222302208.0	222236672.0	223875072.0	3	2	0.3327949132118042	0.21181462140992166	0.05640414433230064	0.8379673133970851	rust
strong_d6	strong	6	7680	1280	32	1	1	1	rust	COMPLETE	3	0.696	0.649	1.081	186716160.0	186281984.0	189591552.0	186716160.0	186281984.0	189591552.0	3	2	0.3327949132118042	0.21181462140992166	0.05640414433230064	0.8379673133970851	rust
strong_d6	strong	6	7680	1280	32	1	1	1	matlab	COMPLETE	3	1.959164	1.95015	4.722883	3302629376.0	3294687232.0	3319332864.0	3333087232.0	3332112384.0	3989082112.0	3	2	0.3327949132118042	0.21181462140992166	0.05640414433230064	0.8379673133970851	rust
strong_d6	strong	6	7680	1280	32	2	2	2	mata	COMPLETE	3	5.916	4.923	6.159	226488320.0	207257600.0	230379520.0	226488320.0	207257600.0	230379520.0	3	2	0.2175409879407001	0.15376802762543165	0.03741704385619389	0.8461374344386168	rust
strong_d6	strong	6	7680	1280	32	2	2	2	rust	COMPLETE	3	0.835	0.757	1.183	194932736.0	190554112.0	195088384.0	194932736.0	190554112.0	195088384.0	3	2	0.2175409879407001	0.15376802762543165	0.03741704385619389	0.8461374344386168	rust
strong_d6	strong	6	7680	1280	32	2	2	2	matlab	COMPLETE	3	4.324766	3.479804	4.99256	5209731072.0	5070807040.0	5249957888.0	5298024448.0	5280882688.0	5340078080.0	3	2	0.2175409879407001	0.15376802762543165	0.03741704385619389	0.8461374344386168	rust
strong_d6	strong	6	7680	1280	32	4	4	4	mata	COMPLETE	3	3.376	2.718	6.262	237113344.0	232706048.0	240893952.0	237113344.0	232706048.0	240893952.0	3	3	0.2668392452299952	0.16813833701250921	0.023905066711412376	0.8367392768919829	rust
strong_d6	strong	6	7680	1280	32	4	4	4	rust	COMPLETE	3	0.708	0.457	0.79	198402048.0	193916928.0	207257600.0	198402048.0	193916928.0	207257600.0	3	3	0.2668392452299952	0.16813833701250921	0.023905066711412376	0.8367392768919829	rust
strong_d6	strong	6	7680	1280	32	4	4	4	matlab	COMPLETE	3	2.960584	1.565566	5.604823	8299581440.0	8020905984.0	8506769408.0	8589352960.0	8383873024.0	8631525376.0	3	3	0.2668392452299952	0.16813833701250921	0.023905066711412376	0.8367392768919829	rust
strong_d6	strong	6	7680	1280	32	8	4	4	mata	COMPLETE	3	5.835	4.723	7.817	235294720.0	232927232.0	239988736.0	235294720.0	232927232.0	239988736.0	3	3	0.18708405005222636	0.10988870410643468	0.013265140667983984	0.8487875217613027	rust
strong_d6	strong	6	7680	1280	32	8	4	8	rust	COMPLETE	3	0.607	0.528	0.859	200466432.0	197705728.0	206422016.0	200466432.0	197705728.0	206422016.0	3	3	0.18708405005222636	0.10988870410643468	0.013265140667983984	0.8487875217613027	rust
strong_d6	strong	6	7680	1280	32	8	4	8	matlab	COMPLETE	3	3.244531	2.14923	5.647181	15088881664.0	14904156160.0	15126970368.0	15232126976.0	15037947904.0	15261507584.0	3	3	0.18708405005222636	0.10988870410643468	0.013265140667983984	0.8487875217613027	rust
strong_d6	strong	6	7680	1280	32	16	4	4	mata	COMPLETE	3	2.74	2.62	5.825	233177088.0	229974016.0	233189376.0	233177088.0	229974016.0	233189376.0	3	3	0.14777748639891894	0.10305343511450382	0.007486712682422605	0.9202970826060628	rust
strong_d6	strong	6	7680	1280	32	16	4	16	rust	COMPLETE	3	0.29	0.27	0.519	211644416.0	208482304.0	215056384.0	211644416.0	208482304.0	215056384.0	3	3	0.14777748639891894	0.10305343511450382	0.007486712682422605	0.9202970826060628	rust
strong_d6	strong	6	7680	1280	32	16	4	16	matlab	COMPLETE	3	2.083966	1.22169	3.512037	28269338624.0	27833200640.0	28574691328.0	28528816128.0	28148482048.0	28832063488.0	3	3	0.14777748639891894	0.10305343511450382	0.007486712682422605	0.9202970826060628	rust
strong_d6	strong	6	30720	5120	128	1	1	1	mata	COMPLETE	3	12.674	10.943	25.023	427741184.0	414388224.0	428531712.0	427741184.0	414388224.0	428531712.0	3	2	0.4185300938550771	0.1671137762348114	0.08344301903948319	0.6538126382518266	rust
strong_d6	strong	6	30720	5120	128	1	1	1	rust	COMPLETE	3	2.118	2.094	3.653	275259392.0	273399808.0	279662592.0	275259392.0	273399808.0	279662592.0	3	2	0.4185300938550771	0.1671137762348114	0.08344301903948319	0.6538126382518266	rust
strong_d6	strong	6	30720	5120	128	1	1	1	matlab	COMPLETE	3	5.060568	3.333111	8.968332	3344318464.0	3216973824.0	3351539712.0	3358576640.0	3237175296.0	3366821888.0	3	2	0.4185300938550771	0.1671137762348114	0.08344301903948319	0.6538126382518266	rust
strong_d6	strong	6	30720	5120	128	2	2	2	mata	COMPLETE	3	18.012	10.975	22.152	436117504.0	434311168.0	441098240.0	436117504.0	434311168.0	441098240.0	3	3	0.40389759642478335	0.11926688335139038	0.055664179151394745	0.6692729129909927	rust
strong_d6	strong	6	30720	5120	128	2	2	2	rust	COMPLETE	3	2.127	1.313	2.642	295215104.0	290127872.0	301592576.0	295215104.0	290127872.0	301592576.0	3	3	0.40389759642478335	0.11926688335139038	0.055664179151394745	0.6692729129909927	rust
strong_d6	strong	6	30720	5120	128	2	2	2	matlab	COMPLETE	3	5.110431	3.250824	9.371174	5218787328.0	5212110848.0	5451730944.0	5499146240.0	5422034944.0	7129731072.0	3	3	0.40389759642478335	0.11926688335139038	0.055664179151394745	0.6692729129909927	rust
strong_d6	strong	6	30720	5120	128	4	4	4	mata	COMPLETE	3	15.546	10.382	21.732	441270272.0	433221632.0	465494016.0	441270272.0	433221632.0	465494016.0	3	3	0.32039950893223784	0.08755538431901368	0.03493885065238289	0.6708591690491219	rust
strong_d6	strong	6	30720	5120	128	4	4	4	rust	COMPLETE	3	1.414	0.909	1.486	296030208.0	294035456.0	298192896.0	296030208.0	294035456.0	298192896.0	3	3	0.32039950893223784	0.08755538431901368	0.03493885065238289	0.6708591690491219	rust
strong_d6	strong	6	30720	5120	128	4	4	4	matlab	COMPLETE	3	4.252363	2.837083	6.139632	8534708224.0	8151494656.0	8951984128.0	8597319680.0	8573648896.0	9012985856.0	3	3	0.32039950893223784	0.08755538431901368	0.03493885065238289	0.6708591690491219	rust
strong_d6	strong	6	30720	5120	128	8	4	4	mata	COMPLETE	3	10.133	9.841	10.819	443310080.0	439140352.0	448925696.0	443310080.0	439140352.0	448925696.0	3	2	0.27786718926445664	0.06350980591403313	0.02063359278093846	0.6983147963978431	rust
strong_d6	strong	6	30720	5120	128	8	4	8	rust	COMPLETE	3	0.687	0.625	0.708	313491456.0	309125120.0	320794624.0	313491456.0	309125120.0	320794624.0	3	2	0.27786718926445664	0.06350980591403313	0.02063359278093846	0.6983147963978431	rust
strong_d6	strong	6	30720	5120	128	8	4	8	matlab	COMPLETE	3	2.36452	2.249276	2.659493	15245598720.0	15193255936.0	15306203136.0	15365038080.0	15355654144.0	15422009344.0	3	2	0.27786718926445664	0.06350980591403313	0.02063359278093846	0.6983147963978431	rust
strong_d6	strong	6	30720	5120	128	16	4	4	mata	COMPLETE	3	21.678	9.796	22.129	446496768.0	443633664.0	459599872.0	446496768.0	443633664.0	459599872.0	3	2	0.15925596183402435	0.04133222622013101	0.011525243650073765	0.7367899603698811	rust
strong_d6	strong	6	30720	5120	128	16	4	16	rust	COMPLETE	3	0.895	0.494	0.896	331075584.0	328974336.0	331640832.0	331075584.0	328974336.0	331640832.0	3	2	0.15925596183402435	0.04133222622013101	0.011525243650073765	0.7367899603698811	rust
strong_d6	strong	6	30720	5120	128	16	4	16	matlab	COMPLETE	3	5.626163	1.678745	6.371413	28772777984.0	28543807488.0	28850237440.0	28951822336.0	28747612160.0	29013598208.0	3	2	0.15925596183402435	0.04133222622013101	0.011525243650073765	0.7367899603698811	rust
strong_d6	strong	6	122880	20480	512	1	1	1	mata	COMPLETE	3	97.874	97.635	194.052	1227399168.0	1205452800.0	1242066944.0	1227399168.0	1205452800.0	1242066944.0	3	3	0.8333718162235921	0.09145431881807223	0.15317167549272206	0.43015704569876323	rust
strong_d6	strong	6	122880	20480	512	1	1	1	rust	COMPLETE	3	9.688	8.951	15.35	527974400.0	527917056.0	538193920.0	527974400.0	527917056.0	538193920.0	3	3	0.8333718162235921	0.09145431881807223	0.15317167549272206	0.43015704569876323	rust
strong_d6	strong	6	122880	20480	512	1	1	1	matlab	COMPLETE	3	11.601694	10.740704	27.840505	3455348736.0	3446571008.0	3490807808.0	3463553024.0	3446571008.0	3505680384.0	3	3	0.8333718162235921	0.09145431881807223	0.15317167549272206	0.43015704569876323	rust
strong_d6	strong	6	122880	20480	512	2	2	2	mata	COMPLETE	3	166.179	90.876	167.644	1177735168.0	1158381568.0	1194569728.0	1177735168.0	1158381568.0	1194569728.0	3	2	0.45104569297590436	0.05296342249051561	0.08751005990395191	0.3985660550741832	rust
strong_d6	strong	6	122880	20480	512	2	2	2	rust	COMPLETE	3	8.712	5.457	8.879	476114944.0	467746816.0	480157696.0	476114944.0	467746816.0	480157696.0	3	2	0.45104569297590436	0.05296342249051561	0.08751005990395191	0.3985660550741832	rust
strong_d6	strong	6	122880	20480	512	2	2	2	matlab	COMPLETE	3	19.685367	8.664423	20.497863	5440688128.0	5220876288.0	5640183808.0	5455237120.0	5403037696.0	5651001344.0	3	2	0.45104569297590436	0.05296342249051561	0.08751005990395191	0.3985660550741832	rust
strong_d6	strong	6	122880	20480	512	4	4	4	mata	COMPLETE	3	153.549	153.312	153.78	1202049024.0	1167405056.0	1208668160.0	1202049024.0	1167405056.0	1208668160.0	3	1	0.30909841975725916	0.035063077123162964	0.05587817914689392	0.4103056881646784	rust
strong_d6	strong	6	122880	20480	512	4	4	4	rust	COMPLETE	3	5.392	5.364	5.548	493207552.0	486989824.0	498946048.0	493207552.0	486989824.0	498946048.0	3	1	0.30909841975725916	0.035063077123162964	0.05587817914689392	0.4103056881646784	rust
strong_d6	strong	6	122880	20480	512	4	4	4	matlab	COMPLETE	3	17.444282	16.307118	17.563334	8826478592.0	8809783296.0	8843485184.0	8842936320.0	8826236928.0	8879820800.0	3	1	0.30909841975725916	0.035063077123162964	0.05587817914689392	0.4103056881646784	rust
strong_d6	strong	6	122880	20480	512	8	4	4	mata	COMPLETE	3	85.861	81.048	153.074	1186480128.0	1175269376.0	1213116416.0	1186480128.0	1175269376.0	1213116416.0	3	2	0.44768363577852366	0.026330076004343103	0.03194866227152001	0.42859756686965766	rust
strong_d6	strong	6	122880	20480	512	8	4	8	rust	COMPLETE	3	2.873	2.134	3.757	508522496.0	506081280.0	513748992.0	508522496.0	506081280.0	513748992.0	3	2	0.44768363577852366	0.026330076004343103	0.03194866227152001	0.42859756686965766	rust
strong_d6	strong	6	122880	20480	512	8	4	8	matlab	COMPLETE	3	4.766759	4.757915	14.400429	15894355968.0	15601684480.0	15916863488.0	15934926848.0	15642439680.0	15940820992.0	3	2	0.44768363577852366	0.026330076004343103	0.03194866227152001	0.42859756686965766	rust
strong_d6	strong	6	122880	20480	512	16	4	4	mata	COMPLETE	3	153.914	153.606	154.925	1199460352.0	1193742336.0	1206018048.0	1199460352.0	1193742336.0	1206018048.0	3	1	0.17771935841368508	0.015370493340103904	0.018790848538211714	0.46189859887924	rust
strong_d6	strong	6	122880	20480	512	16	4	16	rust	COMPLETE	3	2.378	2.361	2.441	551874560.0	548741120.0	554029056.0	551874560.0	548741120.0	554029056.0	3	1	0.17771935841368508	0.015370493340103904	0.018790848538211714	0.46189859887924	rust
strong_d6	strong	6	122880	20480	512	16	4	16	matlab	COMPLETE	3	13.380647	13.269387	14.106186	29346304000.0	29287510016.0	29483982848.0	29391708160.0	29384351744.0	29579341824.0	3	1	0.17771935841368508	0.015370493340103904	0.018790848538211714	0.46189859887924	rust
strong_d6	strong	6	491520	81920	2048	1	1	1	mata	COMPLETE	3	957.449	501.04	963.288	3730284544.0	3728523264.0	3732234240.0	3730284544.0	3728523264.0	3732234240.0	3	2	0.4624326744322523	0.07621920332049018	0.35814947416948806	0.3720552244866603	rust
strong_d6	strong	6	491520	81920	2048	1	1	1	rust	COMPLETE	3	70.42	41.61	72.976	1387384832.0	1377943552.0	1388597248.0	1387384832.0	1377943552.0	1388597248.0	3	2	0.4624326744322523	0.07621920332049018	0.35814947416948806	0.3720552244866603	rust
strong_d6	strong	6	491520	81920	2048	1	1	1	matlab	COMPLETE	3	157.808918	84.700287	160.035209	3873759232.0	3867787264.0	3946729472.0	3873759232.0	3867787264.0	3946729472.0	3	2	0.4624326744322523	0.07621920332049018	0.35814947416948806	0.3720552244866603	rust
strong_d6	strong	6	491520	81920	2048	2	2	2	mata	COMPLETE	3	726.28	439.998	792.377	3446104064.0	3375198208.0	3522539520.0	3446104064.0	3375198208.0	3522539520.0	3	3	0.49657249257941555	0.064636657439352	0.17176161906961504	0.3056419923597525	rust
strong_d6	strong	6	491520	81920	2048	2	2	2	rust	COMPLETE	3	39.32	28.44	49.519	1047879680.0	1032617984.0	1053274112.0	1047879680.0	1032617984.0	1053274112.0	3	3	0.49657249257941555	0.064636657439352	0.17176161906961504	0.3056419923597525	rust
strong_d6	strong	6	491520	81920	2048	2	2	2	matlab	COMPLETE	3	99.721593	51.68865	100.307787	6107947008.0	6100779008.0	6157082624.0	6107947008.0	6100779008.0	6157082624.0	3	3	0.49657249257941555	0.064636657439352	0.17176161906961504	0.3056419923597525	rust
strong_d6	strong	6	491520	81920	2048	4	4	4	mata	COMPLETE	3	722.718	368.766	722.932	3438006272.0	3395047424.0	3453202432.0	3438006272.0	3395047424.0	3453202432.0	3	2	0.3293523826494458	0.0335995505854289	0.11286372291741328	0.32567787008388566	rust
strong_d6	strong	6	491520	81920	2048	4	4	4	rust	COMPLETE	3	23.914	14.375	24.283	1119682560.0	1097760768.0	1138843648.0	1119682560.0	1097760768.0	1138843648.0	3	2	0.3293523826494458	0.0335995505854289	0.11286372291741328	0.32567787008388566	rust
strong_d6	strong	6	491520	81920	2048	4	4	4	matlab	COMPLETE	3	73.446056	31.244359	73.729541	9920659456.0	9915723776.0	10224799744.0	9920659456.0	9915723776.0	10224799744.0	3	2	0.3293523826494458	0.0335995505854289	0.11286372291741328	0.32567787008388566	rust
strong_d6	strong	6	491520	81920	2048	8	4	4	mata	COMPLETE	3	722.118	718.644	724.108	3448713216.0	3442397184.0	3479232512.0	3448713216.0	3442397184.0	3479232512.0	3	1	0.23957019032606144	0.02027092525044383	0.07192896995152756	0.3696873170216076	rust
strong_d6	strong	6	491520	81920	2048	8	4	8	rust	COMPLETE	3	14.638	14.417	14.764	1274945536.0	1211252736.0	1312464896.0	1274945536.0	1211252736.0	1312464896.0	3	1	0.23957019032606144	0.02027092525044383	0.07192896995152756	0.3696873170216076	rust
strong_d6	strong	6	491520	81920	2048	8	4	8	matlab	COMPLETE	3	61.101091	59.55572	62.699308	17641271296.0	17468198912.0	17725063168.0	17641271296.0	17468198912.0	17725063168.0	3	1	0.23957019032606144	0.02027092525044383	0.07192896995152756	0.3696873170216076	rust
strong_d6	strong	6	491520	81920	2048	16	4	4	mata	COMPLETE	3	721.523	584.871	722.773	3447971840.0	3437060096.0	3571695616.0	3447971840.0	3437060096.0	3571695616.0	3	2	0.19504046811248707	0.014075781368022918	0.04631499978103065	0.4334347046175412	rust
strong_d6	strong	6	491520	81920	2048	16	4	16	rust	COMPLETE	3	10.156	9.832	14.362	1494470656.0	1477488640.0	1641648128.0	1494470656.0	1477488640.0	1641648128.0	3	2	0.19504046811248707	0.014075781368022918	0.04631499978103065	0.4334347046175412	rust
strong_d6	strong	6	491520	81920	2048	16	4	16	matlab	COMPLETE	3	50.550261	26.212923	52.071245	32573231104.0	32267530240.0	32578875392.0	32573231104.0	32267530240.0	32578875392.0	3	2	0.19504046811248707	0.014075781368022918	0.04631499978103065	0.4334347046175412	rust
strong_d6	strong	6	1966080	327680	8192	1	1	1	mata	COMPLETE	3	2676.201	2363.017	4115.726	12341219328.0	12167172096.0	12343001088.0	12341219328.0	12167172096.0	12343001088.0	3	2	0.6203863944280922	0.11271761724922753	0.5881494961830238	0.26215592342010496	rust
strong_d6	strong	6	1966080	327680	8192	1	1	1	rust	COMPLETE	3	301.655	281.695	378.643	3233447936.0	3227353088.0	3235790848.0	3233447936.0	3227353088.0	3235790848.0	3	2	0.6203863944280922	0.11271761724922753	0.5881494961830238	0.26215592342010496	rust
strong_d6	strong	6	1966080	327680	8192	1	1	1	matlab	COMPLETE	3	454.063794	439.109369	756.060146	5487300608.0	5430009856.0	5510615040.0	5487300608.0	5430009856.0	5510615040.0	3	2	0.6203863944280922	0.11271761724922753	0.5881494961830238	0.26215592342010496	rust
strong_d6	strong	6	1966080	327680	8192	2	2	2	mata	COMPLETE	3	3352.667	3279.645	3385.38	13177573376.0	13049065472.0	13186347008.0	13177573376.0	13049065472.0	13186347008.0	3	2	0.47300384647835897	0.06779468405302407	0.5153445103507481	0.32221255085446165	rust
strong_d6	strong	6	1966080	327680	8192	2	2	2	rust	COMPLETE	3	227.293	224.717	290.627	4204572672.0	3810676736.0	4262334464.0	4204572672.0	3810676736.0	4262334464.0	3	2	0.47300384647835897	0.06779468405302407	0.5153445103507481	0.32221255085446165	rust
strong_d6	strong	6	1966080	327680	8192	2	2	2	matlab	COMPLETE	3	479.571865	451.248649	480.530976	8219828224.0	8158760960.0	8531681280.0	8531681280.0	8158760960.0	9341288448.0	3	2	0.47300384647835897	0.06779468405302407	0.5153445103507481	0.32221255085446165	rust
strong_d6	strong	6	1966080	327680	8192	4	4	4	mata	COMPLETE	3	2551.226	1532.833	3022.47	13119238144.0	13107896320.0	13444182016.0	13119238144.0	13107896320.0	13444182016.0	3	3	0.5173306613302233	0.052123094949025756	0.3276553411653533	0.3221675467437875	rust
strong_d6	strong	6	1966080	327680	8192	4	4	4	rust	COMPLETE	3	136.385	79.896	173.396	4226592768.0	4188581888.0	4450914304.0	4226592768.0	4188581888.0	4450914304.0	3	3	0.5173306613302233	0.052123094949025756	0.3276553411653533	0.3221675467437875	rust
strong_d6	strong	6	1966080	327680	8192	4	4	4	matlab	COMPLETE	3	215.195276	154.438942	341.584903	13038624768.0	12899508224.0	13119418368.0	13038624768.0	12899508224.0	13119418368.0	3	3	0.5173306613302233	0.052123094949025756	0.3276553411653533	0.3221675467437875	rust
strong_d6	strong	6	1966080	327680	8192	8	4	4	mata	COMPLETE	3	1597.489	1528.772	1670.117	13703106560.0	13565796352.0	13793042432.0	13703106560.0	13565796352.0	13793042432.0	3	2	0.5156764764712191	0.03432011112439585	0.2120420963629935	0.35255597739346045	rust
strong_d6	strong	6	1966080	327680	8192	8	4	8	rust	COMPLETE	3	54.826	47.729	73.604	4782702592.0	3910770688.0	4861272064.0	4782702592.0	3910770688.0	4861272064.0	3	2	0.5156764764712191	0.03432011112439585	0.2120420963629935	0.35255597739346045	rust
strong_d6	strong	6	1966080	327680	8192	8	4	8	matlab	COMPLETE	3	106.318598	99.519162	111.188292	22555439104.0	22370598912.0	22569390080.0	22555439104.0	22370598912.0	22569390080.0	3	2	0.5156764764712191	0.03432011112439585	0.2120420963629935	0.35255597739346045	rust
strong_d6	strong	6	1966080	327680	8192	16	4	4	mata	COMPLETE	3	3015.431	2999.413	3080.349	13195972608.0	13166448640.0	13306904576.0	13195972608.0	13166448640.0	13306904576.0	3	2	0.267241155616603	0.018689323544306836	0.11087112643802251	0.3818079905046732	rust
strong_d6	strong	6	1966080	327680	8192	16	4	16	rust	COMPLETE	3	56.057	55.86	61.753	5080682496.0	4475760640.0	5083394048.0	5080682496.0	4475760640.0	5083394048.0	3	2	0.267241155616603	0.018689323544306836	0.11087112643802251	0.3818079905046732	rust
strong_d6	strong	6	1966080	327680	8192	16	4	16	matlab	COMPLETE	3	209.761853	209.243087	226.626868	40837246976.0	40369037312.0	47082266624.0	40837246976.0	40369037312.0	47082266624.0	3	2	0.267241155616603	0.018689323544306836	0.11087112643802251	0.3818079905046732	rust
weak_d3	weak	3	7680	2560	1313	1	1	1	mata	COMPLETE	3	3.979	3.961	4.1	289095680.0	280260608.0	290009088.0	289095680.0	280260608.0	290009088.0	3	1	0.3217341672447304	0.20195121951219516	0.059581847291038714	0.6786058373476905	rust
weak_d3	weak	3	7680	2560	1313	1	1	1	rust	COMPLETE	3	0.802	0.8009999999999999	0.8280000000000001	196182016.0	191057920.0	197201920.0	196182016.0	191057920.0	197201920.0	3	1	0.3217341672447304	0.20195121951219516	0.059581847291038714	0.6786058373476905	rust
weak_d3	weak	3	7680	2560	1313	1	1	1	matlab	COMPLETE	3	2.489633	2.429208	2.87783	3292647424.0	3288940544.0	3299139584.0	3325902848.0	3322527744.0	3331395584.0	3	1	0.3217341672447304	0.20195121951219516	0.059581847291038714	0.6786058373476905	rust
weak_d3	weak	3	7680	2560	1313	2	2	2	mata	COMPLETE	3	9.072	5.006	9.46	297271296.0	296460288.0	302231552.0	297271296.0	296460288.0	302231552.0	3	2	0.23550108349156063	0.12522045855379188	0.0385025905497915	0.677097591716698	rust
weak_d3	weak	3	7680	2560	1313	2	2	2	rust	COMPLETE	3	1.1	0.848	1.136	203845632.0	196050944.0	204640256.0	203845632.0	196050944.0	204640256.0	3	2	0.23550108349156063	0.12522045855379188	0.0385025905497915	0.677097591716698	rust
weak_d3	weak	3	7680	2560	1313	2	2	2	matlab	COMPLETE	3	4.823757	3.222502	5.505704	5218897920.0	5114650624.0	5314973696.0	5260853248.0	5159481344.0	5717180416.0	3	2	0.23550108349156063	0.12522045855379188	0.0385025905497915	0.677097591716698	rust
weak_d3	weak	3	7680	2560	1313	4	4	4	mata	COMPLETE	3	5.846	4.758	9.299	309428224.0	305831936.0	314904576.0	309428224.0	305831936.0	314904576.0	3	3	0.30784843666071493	0.09581675448973008	0.024064904250124176	0.6811826068859667	rust
weak_d3	weak	3	7680	2560	1313	4	4	4	rust	COMPLETE	3	0.606	0.435	0.891	211742720.0	202338304.0	214507520.0	211742720.0	202338304.0	214507520.0	3	3	0.30784843666071493	0.09581675448973008	0.024064904250124176	0.6811826068859667	rust
weak_d3	weak	3	7680	2560	1313	4	4	4	matlab	COMPLETE	3	1.745987	1.413033	4.111381	8612691968.0	8570585088.0	8798818304.0	8688611328.0	8646021120.0	8880074752.0	3	3	0.30784843666071493	0.09581675448973008	0.024064904250124176	0.6811826068859667	rust
weak_d3	weak	3	7680	2560	1313	8	4	4	mata	COMPLETE	3	9.283	4.545	9.337	314871808.0	304902144.0	316137472.0	314871808.0	304902144.0	316137472.0	3	2	0.20703462179534352	0.07593445432151656	0.013660635433757713	0.6822095944330256	rust
weak_d3	weak	3	7680	2560	1313	8	4	8	rust	COMPLETE	3	0.7070000000000001	0.34	0.7090000000000001	208007168.0	206356480.0	223952896.0	208007168.0	206356480.0	223952896.0	3	2	0.20703462179534352	0.07593445432151656	0.013660635433757713	0.6822095944330256	rust
weak_d3	weak	3	7680	2560	1313	8	4	8	matlab	COMPLETE	3	3.424548	1.265322	3.481739	15105921024.0	15007232000.0	15231590400.0	15278075904.0	15189544960.0	15415898112.0	3	2	0.20703462179534352	0.07593445432151656	0.013660635433757713	0.6822095944330256	rust
weak_d3	weak	3	7680	2560	1313	16	4	4	mata	COMPLETE	3	9.288	4.64	9.29	309809152.0	297287680.0	316653568.0	309809152.0	297287680.0	316653568.0	3	2	0.18283969627525115	0.06535314384151593	0.0077170884606454606	0.7147285753651144	rust
weak_d3	weak	3	7680	2560	1313	16	4	16	rust	COMPLETE	3	0.607	0.293	0.608	217825280.0	212480000.0	227954688.0	217825280.0	212480000.0	227954688.0	3	2	0.18283969627525115	0.06535314384151593	0.0077170884606454606	0.7147285753651144	rust
weak_d3	weak	3	7680	2560	1313	16	4	16	matlab	COMPLETE	3	3.319848	1.204733	3.44323	28200669184.0	28198031360.0	28226355200.0	28497379328.0	28439904256.0	28514914304.0	3	2	0.18283969627525115	0.06535314384151593	0.0077170884606454606	0.7147285753651144	rust
weak_d3	weak	3	30720	10240	3649	1	1	1	mata	COMPLETE	3	52.803	26.451	53.263	909434880.0	899592192.0	918654976.0	909434880.0	899592192.0	918654976.0	3	2	0.31081522792862937	0.09277881938526221	0.09323245112122909	0.34192676665315497	rust
weak_d3	weak	3	30720	10240	3649	1	1	1	rust	COMPLETE	3	4.881	2.568	4.899	310960128.0	309469184.0	313683968.0	310960128.0	309469184.0	313683968.0	3	2	0.31081522792862937	0.09277881938526221	0.09323245112122909	0.34192676665315497	rust
weak_d3	weak	3	30720	10240	3649	1	1	1	matlab	COMPLETE	3	15.761776	7.092597	15.818987	3352633344.0	3330260992.0	3364536320.0	3372949504.0	3345895424.0	3376369664.0	3	2	0.31081522792862937	0.09277881938526221	0.09323245112122909	0.34192676665315497	rust
weak_d3	weak	3	30720	10240	3649	2	2	2	mata	COMPLETE	3	50.653	50.025	62.752	931901440.0	930107392.0	932388864.0	931901440.0	930107392.0	932388864.0	3	2	0.27819959267879113	0.05891054472763618	0.06183973669917639	0.35301844188477993	rust
weak_d3	weak	3	30720	10240	3649	2	2	2	rust	COMPLETE	3	3.015	2.947	3.551	329150464.0	328925184.0	335314944.0	329150464.0	328925184.0	335314944.0	3	2	0.27819959267879113	0.05891054472763618	0.06183973669917639	0.35301844188477993	rust
weak_d3	weak	3	30720	10240	3649	2	2	2	matlab	COMPLETE	3	10.981247	10.593114	11.645623	5323751424.0	5039517696.0	5422321664.0	5353070592.0	5284143104.0	5552029696.0	3	2	0.27819959267879113	0.05891054472763618	0.06183973669917639	0.35301844188477993	rust
weak_d3	weak	3	30720	10240	3649	4	4	4	mata	COMPLETE	3	49.683	49.535	49.876	944095232.0	942235648.0	952627200.0	944095232.0	942235648.0	952627200.0	3	1	0.2352122724005706	0.03878066013929545	0.03919536304430375	0.34632872290578415	rust
weak_d3	weak	3	30720	10240	3649	4	4	4	rust	COMPLETE	3	1.923	1.921	1.938	326967296.0	325140480.0	336117760.0	326967296.0	325140480.0	336117760.0	3	1	0.2352122724005706	0.03878066013929545	0.03919536304430375	0.34632872290578415	rust
weak_d3	weak	3	30720	10240	3649	4	4	4	matlab	COMPLETE	3	8.235656	8.153217	8.239366	8555982848.0	7932039168.0	8575447040.0	8603852800.0	8309035008.0	8630173696.0	3	1	0.2352122724005706	0.03878066013929545	0.03919536304430375	0.34632872290578415	rust
weak_d3	weak	3	30720	10240	3649	8	4	4	mata	COMPLETE	3	60.011	50.074	60.092	943730688.0	941842432.0	947879936.0	943730688.0	941842432.0	947879936.0	3	2	0.2831452528572577	0.03461032144106913	0.022463249976938757	0.3640932346942303	rust
weak_d3	weak	3	30720	10240	3649	8	4	8	rust	COMPLETE	3	2.077	1.399	2.584	345116672.0	332877824.0	355897344.0	345116672.0	332877824.0	355897344.0	3	2	0.2831452528572577	0.03461032144106913	0.022463249976938757	0.3640932346942303	rust
weak_d3	weak	3	30720	10240	3649	8	4	8	matlab	COMPLETE	3	7.269517	7.265284	9.126058	15363612672.0	14344556544.0	15498944512.0	15427682304.0	15423442944.0	15572373504.0	3	2	0.2831452528572577	0.03461032144106913	0.022463249976938757	0.3640932346942303	rust
weak_d3	weak	3	30720	10240	3649	16	4	4	mata	COMPLETE	3	50.398	50.171	58.769	944803840.0	940630016.0	954212352.0	944803840.0	940630016.0	954212352.0	3	2	0.17043769427008373	0.021167606784795998	0.012658126513790963	0.3833887071711266	rust
weak_d3	weak	3	30720	10240	3649	16	4	16	rust	COMPLETE	3	1.062	1.033	2.146	362688512.0	336322560.0	365834240.0	362688512.0	336322560.0	365834240.0	3	2	0.17043769427008373	0.021167606784795998	0.012658126513790963	0.3833887071711266	rust
weak_d3	weak	3	30720	10240	3649	16	4	16	matlab	COMPLETE	3	6.742739	6.231016	7.586191	28641243136.0	28613619712.0	28652621824.0	28837208064.0	28790853632.0	28862828544.0	3	2	0.17043769427008373	0.021167606784795998	0.012658126513790963	0.3833887071711266	rust
weak_d3	weak	3	122880	40960	9793	1	1	1	mata	COMPLETE	3	80.13	79.085	153.837	1235636224.0	1190760448.0	1269706752.0	1235636224.0	1190760448.0	1269706752.0	3	2	0.398570733250684	0.10587829975883566	0.17968847660626303	0.5050867009868432	rust
weak_d3	weak	3	122880	40960	9793	1	1	1	rust	COMPLETE	3	8.576	8.274000000000001	16.288	624103424.0	622833664.0	625319936.0	624103424.0	622833664.0	625319936.0	3	2	0.398570733250684	0.10587829975883566	0.17968847660626303	0.5050867009868432	rust
weak_d3	weak	3	122880	40960	9793	1	1	1	matlab	COMPLETE	3	20.759176	19.347758	53.133798	3471769600.0	3446931456.0	3473252352.0	3471769600.0	3462402048.0	3488043008.0	3	2	0.398570733250684	0.10587829975883566	0.17968847660626303	0.5050867009868432	rust
weak_d3	weak	3	122880	40960	9793	2	2	2	mata	COMPLETE	3	132.244	73.362	136.855	1194258432.0	1192308736.0	1211707392.0	1194258432.0	1192308736.0	1211707392.0	3	3	0.3603761119963057	0.07213543796515907	0.10311841015977204	0.4786338292836261	rust
weak_d3	weak	3	122880	40960	9793	2	2	2	rust	COMPLETE	3	9.313	5.292	11.361	572444672.0	570679296.0	576114688.0	572444672.0	570679296.0	576114688.0	3	3	0.3603761119963057	0.07213543796515907	0.10311841015977204	0.4786338292836261	rust
weak_d3	weak	3	122880	40960	9793	2	2	2	matlab	COMPLETE	3	31.525397	14.333728	33.372474	5551333376.0	5400924160.0	5633130496.0	5581537280.0	5403697152.0	7370629120.0	3	3	0.3603761119963057	0.07213543796515907	0.10311841015977204	0.4786338292836261	rust
weak_d3	weak	3	122880	40960	9793	4	4	4	mata	COMPLETE	3	119.554	60.341	129.125	1237676032.0	1203478528.0	1241358336.0	1237676032.0	1203478528.0	1241358336.0	3	3	0.29394544075067536	0.047993901327455624	0.06387333751650569	0.4679266763081342	rust
weak_d3	weak	3	122880	40960	9793	4	4	4	rust	COMPLETE	3	5.617	2.896	6.52	579141632.0	555339776.0	587415552.0	579141632.0	555339776.0	587415552.0	3	3	0.29394544075067536	0.047993901327455624	0.06387333751650569	0.4679266763081342	rust
weak_d3	weak	3	122880	40960	9793	4	4	4	matlab	COMPLETE	3	22.180987	7.954434	27.38226	9067032576.0	8993685504.0	9198149632.0	9099661312.0	9020383232.0	9227452416.0	3	3	0.29394544075067536	0.047993901327455624	0.06387333751650569	0.4679266763081342	rust
weak_d3	weak	3	122880	40960	9793	8	4	4	mata	COMPLETE	3	129.384	113.845	130.599	1203281920.0	1202307072.0	1236611072.0	1203281920.0	1202307072.0	1236611072.0	3	2	0.2053547452092092	0.028712978420824833	0.036582948561012095	0.4812710623957518	rust
weak_d3	weak	3	122880	40960	9793	8	4	8	rust	COMPLETE	3	3.715	3.62	4.793	581328896.0	579104768.0	595791872.0	581328896.0	579104768.0	595791872.0	3	2	0.2053547452092092	0.028712978420824833	0.036582948561012095	0.4812710623957518	rust
weak_d3	weak	3	122880	40960	9793	8	4	8	matlab	COMPLETE	3	18.090646	14.795225	18.57269	15944986624.0	15890706432.0	15983898624.0	16015712256.0	15959613440.0	16025673728.0	3	2	0.2053547452092092	0.028712978420824833	0.036582948561012095	0.4812710623957518	rust
weak_d3	weak	3	122880	40960	9793	16	4	4	mata	COMPLETE	3	121.524	60.302	128.905	1163374592.0	1137278976.0	1207558144.0	1163374592.0	1137278976.0	1207558144.0	3	3	0.29601939619295325	0.02955794740133636	0.021110041252168237	0.5413281182470395	rust
weak_d3	weak	3	122880	40960	9793	16	4	16	rust	COMPLETE	3	2.584	1.827	3.592	615641088.0	596606976.0	634621952.0	615641088.0	596606976.0	634621952.0	3	3	0.29601939619295325	0.02955794740133636	0.021110041252168237	0.5413281182470395	rust
weak_d3	weak	3	122880	40960	9793	16	4	16	matlab	COMPLETE	3	12.13434	4.408849	15.027312	29402550272.0	27372666880.0	30062563328.0	29412139008.0	28832894976.0	30228312064.0	3	3	0.29601939619295325	0.02955794740133636	0.021110041252168237	0.5413281182470395	rust
weak_d3	weak	3	491520	163840	34369	1	1	1	mata	COMPLETE	3	376.575	337.555	397.347	4221132800.0	4147040256.0	4248907776.0	4221132800.0	4147040256.0	4248907776.0	3	2	0.3607978144777969	0.09256057890194518	0.4501704582225999	0.41848139343069235	rust
weak_d3	weak	3	491520	163840	34369	1	1	1	rust	COMPLETE	3	33.471	32.825	34.856	1765351424.0	1761771520.0	1766465536.0	1765351424.0	1761771520.0	1766465536.0	3	2	0.3607978144777969	0.09256057890194518	0.4501704582225999	0.41848139343069235	rust
weak_d3	weak	3	491520	163840	34369	1	1	1	matlab	COMPLETE	3	96.608124	82.966884	98.253917	3923992576.0	3850457088.0	3956367360.0	3923992576.0	3850457088.0	3956367360.0	3	2	0.3607978144777969	0.09256057890194518	0.4501704582225999	0.41848139343069235	rust
weak_d3	weak	3	491520	163840	34369	2	2	2	mata	COMPLETE	3	291.449	290.555	589.791	3867967488.0	3768184832.0	3874213888.0	3867967488.0	3768184832.0	3874213888.0	2	2	0.37127919009494537	0.0670477510645087	0.23162076379384308	0.3842234901432553	rust
weak_d3	weak	3	491520	163840	34369	2	2	2	rust	COMPLETE	3	19.97	19.541	35.662	1486163968.0	1386057728.0	1514852352.0	1486163968.0	1386057728.0	1514852352.0	2	2	0.37127919009494537	0.0670477510645087	0.23162076379384308	0.3842234901432553	rust
weak_d3	weak	3	491520	163840	34369	2	2	2	matlab	COMPLETE	3	52.631552	49.00513	126.087565	6381428736.0	6114668544.0	6416367616.0	6381428736.0	6138056704.0	6416367616.0	2	2	0.37127919009494537	0.0670477510645087	0.23162076379384308	0.3842234901432553	rust
weak_d3	weak	3	491520	163840	34369	4	4	4	mata	COMPLETE	3	556.53	480.312	590.545	3925770240.0	3922239488.0	3942989824.0	3925770240.0	3922239488.0	3942989824.0	3	3	0.32594058238127827	0.03992821332800346	0.147730143814603	0.3684477335338921	rust
weak_d3	weak	3	491520	163840	34369	4	4	4	rust	COMPLETE	3	20.685	19.178	25.196	1452785664.0	1441665024.0	1458536448.0	1452785664.0	1441665024.0	1458536448.0	3	3	0.32594058238127827	0.03992821332800346	0.147730143814603	0.3684477335338921	rust
weak_d3	weak	3	491520	163840	34369	4	4	4	matlab	COMPLETE	3	66.63876	58.838945	86.796579	9872977920.0	9823473664.0	10247483392.0	9872977920.0	9823473664.0	10247483392.0	3	3	0.32594058238127827	0.03992821332800346	0.147730143814603	0.3684477335338921	rust
weak_d3	weak	3	491520	163840	34369	8	4	4	mata	COMPLETE	3	554.09	502.823	556.817	3920850944.0	3838525440.0	4024324096.0	3920850944.0	3838525440.0	4024324096.0	3	2	0.18307406293394082	0.02241693587684311	0.10276240051568265	0.46045551098675724	rust
weak_d3	weak	3	491520	163840	34369	8	4	8	rust	COMPLETE	3	12.421	12.346	15.124	1819209728.0	1468493824.0	1853022208.0	1819209728.0	1468493824.0	1853022208.0	3	2	0.18307406293394082	0.02241693587684311	0.10276240051568265	0.46045551098675724	rust
weak_d3	weak	3	491520	163840	34369	8	4	8	matlab	COMPLETE	3	67.437188	58.456313	70.941292	17703067648.0	17643233280.0	17995735040.0	17703067648.0	17643233280.0	17995735040.0	3	2	0.18307406293394082	0.02241693587684311	0.10276240051568265	0.46045551098675724	rust
weak_d3	weak	3	491520	163840	34369	16	4	4	mata	COMPLETE	3	554.064	551.092	555.364	3951255552.0	3928932352.0	3954110464.0	3951255552.0	3928932352.0	3954110464.0	3	1	0.168011169146667	0.016110154781368614	0.053323469358286565	0.4494825241179706	rust
weak_d3	weak	3	491520	163840	34369	16	4	16	rust	COMPLETE	3	8.947	8.859	8.958	1777303552.0	1527885824.0	1781358592.0	1777303552.0	1527885824.0	1781358592.0	3	1	0.168011169146667	0.016110154781368614	0.053323469358286565	0.4494825241179706	rust
weak_d3	weak	3	491520	163840	34369	16	4	16	matlab	COMPLETE	3	53.252412	52.767108	56.349925	33091354624.0	32868372480.0	33330606080.0	33091354624.0	32868372480.0	33330606080.0	3	1	0.168011169146667	0.016110154781368614	0.053323469358286565	0.4494825241179706	rust
weak_d3	weak	3	1966080	655360	132673	1	1	1	mata	COMPLETE	3	2910.017	1648.143	2957.959	14490968064.0	14489567232.0	14492147712.0	14490968064.0	14489567232.0	14492147712.0	3	2	0.3350513657145918	0.09466899304554255	0.8905263551996705	0.32217707218597597	rust
weak_d3	weak	3	1966080	655360	132673	1	1	1	rust	COMPLETE	3	276.09	145.933	280.027	4668846080.0	4668657664.0	4676444160.0	4668846080.0	4668657664.0	4676444160.0	3	2	0.3350513657145918	0.09466899304554255	0.8905263551996705	0.32217707218597597	rust
weak_d3	weak	3	1966080	655360	132673	1	1	1	matlab	COMPLETE	3	825.70746	352.202405	835.773343	5251325952.0	5216268288.0	5298315264.0	5251325952.0	5216268288.0	5298315264.0	3	2	0.3350513657145918	0.09466899304554255	0.8905263551996705	0.32217707218597597	rust
weak_d3	weak	3	1966080	655360	132673	2	2	2	mata	COMPLETE	3	2594.431	1259.896	2596.204	15467577344.0	15408971776.0	15791464448.0	15467577344.0	15408971776.0	15791464448.0	3	2	0.3157210996002709	0.062390320637361316	0.7170118186629035	0.36608219128747355	rust
weak_d3	weak	3	1966080	655360	132673	2	2	2	rust	COMPLETE	3	161.514	87.423	161.978	5765771264.0	5662404608.0	5827211264.0	5765771264.0	5662404608.0	5827211264.0	3	2	0.3157210996002709	0.062390320637361316	0.7170118186629035	0.36608219128747355	rust
weak_d3	weak	3	1966080	655360	132673	2	2	2	matlab	COMPLETE	3	513.041416	226.275788	516.355187	8127078400.0	7782711296.0	8211107840.0	8127078400.0	7782711296.0	8211107840.0	3	2	0.3157210996002709	0.062390320637361316	0.7170118186629035	0.36608219128747355	rust
weak_d3	weak	3	1966080	655360	132673	4	4	4	mata	COMPLETE	3	2482.191	2459.581	2484.858	15451770880.0	15422414848.0	15499169792.0	15451770880.0	15422414848.0	15499169792.0	3	1	0.42110068547827223	0.04843060667650303	0.46295022282428616	0.3695936352496177	rust
weak_d3	weak	3	1966080	655360	132673	4	4	4	rust	COMPLETE	3	119.119	118.347	127.105	5700026368.0	5559599104.0	5744025600.0	5700026368.0	5559599104.0	5744025600.0	3	1	0.42110068547827223	0.04843060667650303	0.46295022282428616	0.3695936352496177	rust
weak_d3	weak	3	1966080	655360	132673	4	4	4	matlab	COMPLETE	3	282.875341	273.47991	286.007335	12312395776.0	12267663360.0	12567891968.0	12312395776.0	12267663360.0	12567891968.0	3	1	0.42110068547827223	0.04843060667650303	0.46295022282428616	0.3695936352496177	rust
weak_d3	weak	3	1966080	655360	132673	8	4	4	mata	COMPLETE	3	2429.621	2427.412	2437.046	15480631296.0	15442198528.0	15526719488.0	15480631296.0	15442198528.0	15526719488.0	3	2	0.21533970025393315	0.02560682071655603	0.2580769091053289	0.35903309766418456	rust
weak_d3	weak	3	1966080	655360	132673	8	4	8	rust	COMPLETE	3	62.405	59.951	63.925	5558059008.0	5490331648.0	5658857472.0	5558059008.0	5490331648.0	5658857472.0	3	2	0.21533970025393315	0.02560682071655603	0.2580769091053289	0.35903309766418456	rust
weak_d3	weak	3	1966080	655360	132673	8	4	8	matlab	COMPLETE	3	278.401985	185.665017	295.109576	21536444416.0	21398650880.0	21862187008.0	21536444416.0	21398650880.0	21862187008.0	3	2	0.21533970025393315	0.02560682071655603	0.2580769091053289	0.35903309766418456	rust
weak_d3	weak	3	1966080	655360	132673	16	4	4	mata	COMPLETE	3	2440.614	2435.536	2484.385	15369502720.0	14719029248.0	15445417984.0	15369502720.0	14719029248.0	15445417984.0	3	1	0.19007199679871978	0.017447658662943014	0.14254755267295094	0.3639329801296265	rust
weak_d3	weak	3	1966080	655360	132673	16	4	16	rust	COMPLETE	3	42.583	42.223	43.767	5593468928.0	5563043840.0	5604802560.0	5593468928.0	5563043840.0	5604802560.0	3	1	0.19007199679871978	0.017447658662943014	0.14254755267295094	0.3639329801296265	rust
weak_d3	weak	3	1966080	655360	132673	16	4	16	matlab	COMPLETE	3	223.418961	218.408292	230.265377	39025881088.0	39009656832.0	43417960448.0	39025881088.0	39009656832.0	43417960448.0	3	1	0.19007199679871978	0.017447658662943014	0.14254755267295094	0.3639329801296265	rust
