y,worker,firm,z1,z2
.4848907860968822,0,0,1,1
.9018960472474036,0,0,1.05,1.01
-1.24757101557542,0,1,1.044956946314738,.7925960407454771
-.4907762656101176,0,1,1.094956946314738,.842596040745477
-.2495801239716573,0,2,.985887260776948,.680574461395797
.4562087037137723,0,2,1.035887260776948,.770574461395797
-1.176919107939071,1,1,1.143626277109799,.7424093011920921
-1.253966618590226,1,1,1.193626277109799,.7524093011920922
-.2443203342065188,1,2,1.084556591572009,.5503877218424121
-.3802862645141479,1,2,1.134556591572009,.6003877218424121
-.5650075575203433,1,3,.938971636663201,.468174500423281
-.6740598517937398,1,3,.988971636663201,.558174500423281
.7049615639504698,2,2,1.175305603085599,.4800350425077143
1.35801326006513,2,2,1.225305603085599,.4900350425077143
.6537279711831371,2,3,1.02972064817679,.3178218210885832
.7576293699057772,2,3,1.07972064817679,.3678218210885832
1.361503557638737,2,4,.82465591561164,.2779895963040209
1.353081041950935,2,4,.8746559156116399,.3679895963040208
-1.287726833465986,3,3,1.104944779263175,.2279215916508326
-1.480721747666734,3,3,1.154944779263175,.2379215916508326
-.6759149180209919,3,4,.8998800466980248,.1080893668662702
-1.010580782240635,3,4,.9498800466980248,.1580893668662702
-.6580293477130722,3,5,.6689189253806598,.1205757323185805
-.6670050255319672,3,5,.7189189253806597,.2105757323185805
-.0794244904140196,4,4,.9525936642025122,-.0003417713926603
-.2879446430688286,4,4,1.002593664202512,.0096582286073397
.6050952010108633,4,5,.7216325428851471,-.06785540594035
.1331881916708375,4,5,.7716325428851472,-.01785540594035
.8644505144428334,4,6,.5012092543523804,.0036342268111817
.7482052980585218,4,6,.5512092543523803,.0936342268111817
-1.338811040338176,5,5,.7457474367935208,-.1934232726548896
-.8728616184155508,5,5,.7957474367935209,-.1834232726548896
.1781840131117731,5,6,.5253241482607541,-.2019336399033578
-.1895872751227042,5,6,.5753241482607541,-.1519336399033578
-.981616153948289,5,7,.3507128450580201,-.0684246001732403
-1.059485463525248,5,7,.4007128450580201,.0215753998267597
1.306538800039688,6,6,.5158922494200839,-.3428949199287868
1.358401058744318,6,6,.565892249420084,-.3328949199287868
1.288083254820787,6,7,.3412809462173498,-.2893858801986693
.8573197787784503,6,7,.3912809462173499,-.2393858801986693
.2194394231841892,6,8,.242712517754185,-.0946973601504141
-.0183036488780975,6,8,.2927125177541849,-.0046973601504141
1.36756634214719,7,7,.2946915902385837,-.4436836410057972
1.143044059844951,7,7,.3446915902385837,-.4336836410057971
.6034653151175491,7,8,.1961231617754188,-.328995120957542
.6167134578532334,7,8,.2461231617754188,-.278995120957542
.5484317946097594,7,9,.1954572333880147,-.0777708910197814
1.001605616728934,7,9,.2454572333880147,.0122291089802186
.3563523063024825,8,8,.1102470348284638,-.4943007195046139
.9548545060700147,8,8,.1602470348284638,-.4843007195046138
.8982383400332814,8,9,.1095811064410597,-.3230764895668534
1.041347029590028,8,9,.1595811064410597,-.2730764895668534
2.358434750075143,8,10,.2178995983304261,-.0234754367828886
2.705056624369209,8,10,.2678995983304261,.0665245632171114
2.862299715594905,9,9,-.0161448657222503,-.4968370148599094
3.27225435750527,9,9,.0338551342777497,-.4868370148599094
4.711489201865695,9,10,.0921736261671161,-.2772359620759447
4.205905121228262,9,10,.1421736261671161,-.2272359620759447
2.561289746712126,9,11,.3085607879419592,.05957518997568
2.804265597433373,9,11,.3585607879419592,.14957518997568
3.271643243879996,10,10,-.0723765778853973,-.456726246847616
3.210605101004671,10,10,-.0223765778853973,-.446726246847616
1.432373463279903,10,11,.1440105838894458,-.1999150947959913
1.116448946156753,10,11,.1940105838894458,-.1499150947959913
2.820140555281293,10,12,.4556538059620698,.1606258891964732
2.903797041015664,10,12,.5056538059620698,.2506258891964732
.0315478008788359,11,11,-.0567904391166458,-.382293236643885
.2681979466882798,11,11,-.0067904391166458,-.372293236643885
1.713165139737769,11,12,.2548527829559781,-.1017522526514205
1.762669680046181,11,12,.3048527829559782,-.0517522526514205
.2542912723313533,11,13,.6384530868570519,.2675628899385551
.1019569939226955,11,13,.688453086857052,.3575628899385551
.664310253039943,12,12,.0218195596875391,-.2841175134773378
.5258190030334573,12,12,.0718195596875391,-.2741175134773378
-.9714041452464777,12,13,.4054198635886129,.0051976291126378
-.8924527141791229,12,13,.455419863588613,.0551976291126378
-.8241405987182707,12,14,.8297567958125707,.3677857222721493
-.8408969236738799,12,14,.8797567958125706,.4577857222721493
1.190299825902637,13,13,.145458054858926,-.1742542750243367
1.230137713555212,13,13,.195458054858926,-.1642542750243367
1.090641841060408,13,14,.5697949870828837,.1083338181351748
1.166661074530666,13,14,.6197949870828837,.1583338181351747
1.701411978485115,13,15,.9991635572846904,.4491119091878987
1.288515729403343,13,15,1.04916355728469,.5391119091878986
.8811069470749771,14,14,.2892817654173246,-.0653636088575226
1.061074524290512,14,14,.3392817654173246,-.0553636088575226
.9862028377982256,14,15,.7186503356191313,.1954144821952013
1.099776106659742,14,15,.7686503356191313,.2454144821952013
1.254746134463009,14,16,1.116791640015076,.5006556587607859
1.738325903641185,14,16,1.166791640015076,.5906556587607859
2.076692824143459,15,15,.4247821935230934,.0301954140822456
2.46301071435542,15,15,.4747821935230934,.0401954140822456
3.108890974890699,15,16,.8229234979190378,.2554365906478301
3.175362489050329,15,16,.8729234979190379,.3054365906478301
1.63821549600955,15,17,1.1570163208618,.5136234535684854
1.474015617430184,15,17,1.2070163208618,.6036234535684853
.9686182656351771,16,16,.5234293464315906,.1012470294825845
1.173530754064938,16,16,.5734293464315906,.1112470294825845
.2159859099100435,16,17,.8575221693743529,.2794338924032396
-.156232983501332,16,17,.9075221693743529,.3294338924032396
.8387547575634864,16,18,1.101796143222786,.4819746518397532
.5955670121644487,16,18,1.151796143222786,.5719746518397532
.6673177273748311,17,17,.5603552107751018,.1386002768243153
.7763803468487075,17,17,.6103552107751018,.1486002768243153
2.044294170669208,17,18,.8046291846235347,.2611410362608288
1.694317538618353,17,18,.8546291846235348,.3111410362608288
1.053054821088258,17,19,.9432017492017883,.4029037075711098
1.527033486002026,17,19,.9932017492017884,.4929037075711098
.8716946683711893,18,18,.5176498433555135,.135717697828483
.8912814237206392,18,18,.5676498433555135,.145717697828483
.1700823700854803,18,19,.6562224079337672,.197480369138764
.4411758872494606,18,19,.7062224079337672,.247480369138764
.361370936022222,18,20,.6848472597561228,.2771118548265245
.3695938134767155,18,20,.7348472597561229,.3671118548265244
1.352442831276302,19,19,.3868849602859007,.089207678453779
1.267752586178293,19,19,.4368849602859007,.099207678453779
1.537393937608907,19,20,.4155098121082563,.0888391641415394
1.439456076180122,19,20,.4655098121082564,.1388391641415394
.8449028616242185,19,21,.3420443634005857,.108849382904993
.8719953890622025,19,21,.3920443634005857,.198849382904993
-.2869284633000701,20,20,.170565207743047,-.0008919265588515
-.1485436868218669,20,20,.2205652077430469,.0091080734411485
-.6788258878118184,20,21,.0970997590353763,-.060881707795398
-.6521175403246475,20,21,.1470997590353763,-.010881707795398
-.9089665171590293,20,22,-.0593598541908117,-.094275875651598
-.8895140792117294,20,22,-.0093598541908118,-.004275875651598
-.3574620227150175,21,21,-.1176735180702836,-.1310580031738534
-.4079402502750749,21,21,-.0676735180702836,-.1210580031738534
-.5403107434975711,21,22,-.2741331312964717,-.2444521710300535
-.7011748960920212,21,22,-.2241331312964716,-.1944521710300535
.3701902380956703,21,23,-.4853542685233568,-.321713419101187
.3289564468700645,21,23,-.4353542685233568,-.231713419101187
2.079950979106183,22,22,-.4541594327723996,-.294458874963161
1.938871378024883,22,22,-.4041594327723996,-.284458874963161
2.833044913695005,22,23,-.6653805699992847,-.4517201230342946
2.461929801773129,22,23,-.6153805699992847,-.4017201230342946
2.344095011681595,22,24,-.8971021076981296,-.5605837023346271
2.289580018468145,22,24,-.8471021076981295,-.4705837023346271
-.1683619063491359,23,23,-.807469499743233,-.4813533641485451
.1272642381942902,23,23,-.757469499743233,-.4713533641485451
-.2489971087230917,23,24,-1.039191037442078,-.6702169434488776
.0290184695914885,23,24,-.9891910374420779,-.6202169434488777
-.0769260315225227,23,25,-1.254895042796654,-.7964532251002466
.0163705677348307,23,25,-1.204895042796654,-.7064532251002467
.2875716542398099,24,24,-1.141664642644454,-.6796879286898351
-.3113807126692033,24,24,-1.091664642644454,-.6696879286898351
.2287021072402706,24,25,-1.35736864799903,-.8859242103412041
.3961008779105858,24,25,-1.30736864799903,-.8359242103412041
-.508858861984141,24,26,-1.522300495978566,-1.014223414976577
-.8523624376954311,24,26,-1.472300495978566,-.9242234149765765
-.9820507655933275,25,25,-1.420128313826328,-.8758549219532119
-.7740165980576951,25,25,-1.370128313826328,-.8658549219532119
-2.256912784759509,25,26,-1.585060161805864,-1.084154126588584
-1.644547181640385,25,26,-1.535060161805864,-1.034154126588584
.1719488734137379,25,27,-1.670054536547815,-1.199078212281387
.6964541677926855,25,27,-1.620054536547815,-1.109078212281386
-.1065844025949436,26,26,-1.609590542862878,-1.055564650172506
.1644547615099481,26,26,-1.559590542862878,-1.045564650172506
1.981331567202502,26,27,-1.69458491760483,-1.250488735865308
2.323840474443831,26,27,-1.64458491760483,-1.200488735865308
1.963982682082175,26,28,-1.679276508508411,-1.33743126080348
1.669754662922432,26,28,-1.629276508508411,-1.24743126080348
.8698978935651663,27,27,-1.683894749440664,-1.204776477685852
.2487199536195424,27,27,-1.633894749440664,-1.194776477685852
.0893177842961392,27,28,-1.668586340344245,-1.371719002624023
-.2341942734666311,27,28,-1.618586340344245,-1.321719002624023
-.3847971051567055,27,29,-1.543651779839863,-1.41781328291674
.0180593401053426,27,29,-1.493651779839863,-1.32781328291674
2.489404895734179,28,28,-1.627088490660579,-1.310630219582401
2.013998610624022,28,28,-1.577088490660579,-1.300630219582401
1.484004659590496,28,29,-1.502153930156197,-1.436724499875117
1.759977519196512,28,29,-1.452153930156197,-1.386724499875117
1.472879692416975,28,30,-1.270338166948774,-1.431643597638351
1.168978359929912,28,30,-1.220338166948774,-1.341643597638351
2.134179481995543,29,29,-1.435489471697633,-1.362318722180557
2.478503911779453,29,29,-1.385489471697633,-1.352318722180557
1.619371014533148,29,30,-1.20367370849021,-1.43723781994379
1.709393917436403,29,30,-1.15367370849021,-1.38723781994379
2.628801904456946,29,31,-.8794878268413258,-1.373836622280227
2.320479980807374,29,31,-.8294878268413257,-1.283836622280227
.3224979616928197,30,30,-1.118487027275378,-1.351845891317846
.3115803151527224,30,30,-1.068487027275378,-1.341845891317846
.9612350181957041,30,31,-.7943011456264942,-1.368444693654283
1.086912415462843,30,31,-.7443011456264942,-1.318444693654283
1.125301643399557,30,32,-.4024248965743057,-1.243204161166489
1.296868936524026,30,32,-.3524248965743058,-1.153204161166489
.6791378323574375,31,31,-.6979750502450648,-1.274621283934972
.5780797824288186,31,31,-.6479750502450647,-1.264621283934972
.4529762347994257,31,32,-.3060988011928762,-1.229380751447178
.3875588274719993,31,32,-.2560988011928763,-1.179380751447178
-1.71305881962913,31,33,.1213362951705544,-1.042626715063136
-1.40244079753547,31,33,.1713362951705544,-.9526267150631362
1.982945990258182,32,32,-.2064601935248863,-1.129852309076415
1.896099050707899,32,32,-.1564601935248863,-1.119852309076415
-.3972798036696265,32,33,.2209749028385444,-1.023098272692373
-.1287196197525109,32,33,.2709749028385444,-.973098272692373
.1244768256177893,32,34,.647922791338073,-.7789811750765231
.1218617390525603,32,34,.697922791338073,-.6889811750765231
-.1647726173844071,33,33,.3159670615014286,-.920707477475597
-.2076152984928085,33,33,.3659670615014286,-.910707477475597
.186000485132059,33,34,.7429149500009572,-.756590379859747
-.0774620276936579,33,34,.7929149500009572,-.706590379859747
.6081173855511826,33,35,1.133383210278657,-.4628272209904492
.8908062813406415,33,35,1.183383210278657,-.3728272209904492
-.5164297052050484,34,34,.8254869376261875,-.654238227688305
-.5220881202189506,34,34,.8754869376261876,-.644238227688305
-.2790718168134076,34,35,1.215955197903887,-.4404750688190072
-.1283782203859168,34,35,1.265955197903887,-.3904750688190072
-.2837633587792111,34,36,1.5379673098711,-.1078696003065714
-.2798037133502921,34,36,1.5879673098711,-.0178696003065714
1.226346403259789,35,35,1.278828445484068,-.3410617682909662
1.124413216471536,35,35,1.328828445484068,-.3310617682909662
.7365836284446942,35,36,1.600840557451281,-.0884562997785303
.7186518019103687,35,36,1.650840557451281,-.0384562997785304
1.351390872384003,35,37,1.829956071912427,.2697727000827927
1.047930267154568,35,37,1.879956071912427,.3597727000827927
.5489407657996481,36,36,1.637521822581645,.005177815140595
.4157965408398776,36,36,1.687521822581645,.015177815140595
.9608040816720906,36,37,1.866637337042791,.283406815001918
.8143337444709216,36,37,1.91663733704279,.333406815001918
1.191586064048481,36,38,1.988642429609698,.6524474208441609
1.260663823478847,36,38,2.038642429609698,.7424474208441608
.4591113290113245,37,37,1.871677569005264,.3685391524638703
.4065365071584024,37,37,1.921677569005264,.3785391524638703
.9177502126744521,37,38,1.993682661572172,.6575797583061131
.9014878325285857,37,38,2.043682661572172,.7075797583061131
.0152824089616834,37,39,2.006154877261823,1.021947831466578
.0049565453118717,37,39,2.056154877261823,1.111947831466578
3.959072467652943,38,38,1.962894237792031,.7316609372480316
3.843721967990072,38,38,2.012894237792031,.7416609372480316
2.912927250691169,38,39,1.975366453481683,1.016029010408496
2.940603924670216,38,39,2.025366453481682,1.066029010408496
3.29256540357762,38,40,1.88794138535557,1.360530927675592
3.367725817514197,38,40,1.93794138535557,1.450530927675592
-.7206932810683786,39,39,1.905990126824801,1.076734800314731
-.6108929035144521,39,39,1.955990126824801,1.086734800314731
-.2534943752744038,39,40,1.818565058698689,1.341236717581827
-.2550791048623727,39,40,1.868565058698688,1.391236717581827
-.4363860321746824,39,41,1.651875602930473,1.651914037097252
-.2278218277096623,39,41,1.701875602930473,1.741914037097252
.207452745039648,40,40,1.709379959947465,1.386515391145793
.3933598432409782,40,40,1.759379959947465,1.396515391145793
.5492937739403019,40,41,1.54269050417925,1.617192710661219
.1088004288563553,40,41,1.59269050417925,1.667192710661219
-.1146891721438188,40,42,1.326095464831215,1.882190040228093
-.4526691502301544,40,42,1.376095464831215,1.972190040228093
2.617516842892196,41,41,1.394062814235641,1.645306844608807
2.597438286476731,41,41,1.444062814235641,1.655306844608807
1.783778346763256,41,42,1.177467774887607,1.830304174175682
1.652967228115903,41,42,1.227467774887607,1.880304174175682
1.70575718589601,41,43,.9458198674543976,2.04060628212469
1.832998968420414,41,43,.9958198674543977,2.13060628212469
1.684769903529547,42,42,.991336126296114,1.839866046622036
1.834573608241366,42,42,1.041336126296114,1.849866046622036
1.236277083760496,42,43,.7596882188629049,1.970168154571045
1.385726791590598,42,43,.809688218862905,2.020168154571044
1.976403711248434,42,44,.5494972704914252,2.12016049320107
1.735259395137881,42,44,.5994972704914252,2.210160493201069
1.096707792288697,43,43,.539486408648738,1.960168017743387
.8481298912553757,43,43,.589486408648738,1.970168017743387
1.123224620622618,43,44,.3292954602772582,2.030160356373412
1.478349419593172,43,44,.3792954602772582,2.080160356373411
.1444499348283736,43,45,.1747091850152921,2.117978147333969
-.5067832436357244,43,45,.2247091850152921,2.20797814733397
-.371217434458694,44,44,.0798155552949065,1.999987008686194
-.8186202513263242,44,44,.1298155552949065,2.009987008686193
-2.738089138512592,44,45,-.0747707199670596,2.007804799646751
-2.025607808987249,44,45,-.0247707199670596,2.057804799646751
-.5366575575829241,44,46,-.1457259100859593,2.035448976823918
.2786703309274365,44,46,-.0957259100859593,2.125448976823918
1.129420554310531,45,45,-.3475694276170647,1.957258038004389
.9824682673652538,45,45,-.2975694276170647,1.967258038004389
3.107240039178798,45,46,-.4185246177359644,1.904902215181556
3.439502581843018,45,46,-.3685246177359643,1.954902215181556
2.489788874867018,45,47,-.3870289312968202,1.878115016320298
2.371827569807353,45,47,-.3370289312968202,1.968115016320298
.2289114045987102,46,46,-.7077531888774734,1.834196913812015
.3685068264828539,46,46,-.6577531888774734,1.844196913812015
-.8873696478205503,46,47,-.6762575024383292,1.727409714950757
-1.012119616456648,46,47,-.6262575024383291,1.777409714950757
-.2580218142512188,46,48,-.5347695662231371,1.655317657124021
-.1404719608449336,46,48,-.484769566223137,1.745317657124021
1.483424102776983,47,47,-.974371991085219,1.637171447669955
1.522742666314489,47,47,-.9243719910852189,1.647171447669955
2.225898095503814,47,48,-.8328840548700269,1.48507938984322
2.042529850404968,47,48,-.7828840548700269,1.53507938984322
3.880871492383283,47,49,-.5859711142795545,1.379625826823912
3.813738812461868,47,49,-.5359711142795545,1.469625826823912
1.290380167773229,48,48,-1.131986261546364,1.376331684939965
1.327853692567642,48,48,-1.081986261546364,1.386331684939965
2.691464198879952,48,49,-.8850733209558919,1.190878121920657
2.574717132185549,48,49,-.8350733209558918,1.240878121920657
1.022113994354354,48,0,1.02567321877702,.9997587669395297
.932487704432379,48,0,1.07567321877702,1.08975876693953
2.683686300636505,49,49,-1.177225668984841,1.065021609324432
2.659704432647565,49,49,-1.127225668984841,1.075021609324432
.3552229287452583,49,0,.7335208707480715,.7939022543433046
.5537618491363653,49,0,.7835208707480715,.8439022543433046
-1.23281940638761,49,1,.7784778170628093,.6664982950887817
-1.095156449909557,49,1,.8284778170628093,.7564982950887816
1.705807615440494,50,0,.4559788891106302,.6526861299196696
2.259476943488319,50,0,.5059788891106303,.6626861299196696
-.0479253159915818,50,1,.5009358354253679,.4452821706651466
.468666157049923,50,1,.5509358354253679,.4952821706651466
1.421154505601671,50,2,.4418661498875783,.3332605913154666
1.175785723766308,50,2,.4918661498875783,.4232605913154666
-.6563399993697036,51,1,.2450822587211954,.2907685590103153
-.3090835246223452,51,1,.2950822587211954,.3007685590103153
.6436688296403325,51,2,.1860125731834057,.0987469796606353
.569719002247246,51,2,.2360125731834057,.1487469796606352
.3369705951470218,51,3,.0404276182745975,.0165337582415041
.2880929328456384,51,3,.0904276182745974,.1065337582415041
1.41363917573915,52,2,-.0419392083087057,-.0667310785509031
1.139568797666625,52,2,.0080607916912943,-.0567310785509031
1.209703614517764,52,3,-.1875241632175139,-.2289442999700342
1.193338964737957,52,3,-.137524163217514,-.1789442999700342
2.194055025625527,52,4,-.3925888957826643,-.2687765247545966
1.644822853745211,52,4,-.3425888957826643,-.1787765247545966
1.006160320315495,53,3,-.3824731157446668,-.4028303801409474
.96089385934273,53,3,-.3324731157446668,-.3928303801409473
1.780677775553758,53,4,-.5875378483098171,-.5226626049255096
1.595658461673101,53,4,-.5375378483098171,-.4726626049255097
1.744075060389743,53,5,-.8184989696271823,-.5101762394731993
1.982210320950919,53,5,-.7684989696271822,-.4201762394731994
.3392868505322573,54,4,-.7456986567635021,-.7022289817987498
.2846805110227277,54,4,-.6956986567635021,-.6922289817987498
.475938279550752,54,5,-.9766597780808671,-.7697426163464395
.6694028010296904,54,5,-.9266597780808671,-.7197426163464395
1.233884475758718,54,6,-1.197083066613634,-.6982529835949077
1.795282195848908,54,6,-1.147083066613634,-.6082529835949078
1.187703014703842,55,5,-1.095713754565079,-.9521458372587704
1.415643014776921,55,5,-1.045713754565079,-.9421458372587704
2.259137567106063,55,6,-1.316137043097846,-.9606562045072387
2.184447244488588,55,6,-1.266137043097846,-.9106562045072387
1.581793269753655,55,7,-1.49074834630058,-.8271471647771211
1.310686369127207,55,7,-1.44074834630058,-.7371471647771212
.7638439326783629,56,6,-1.39532456569846,-1.142995020412668
.9217625173609312,56,6,-1.34532456569846,-1.132995020412668
-.0860140191356751,56,7,-1.569935868901194,-1.089485980682551
-.0121099665357501,56,7,-1.519935868901194,-1.03948598068255
-.7745541412621788,56,8,-1.668504297364359,-.8947974606342953
-.7985580612974513,56,8,-1.618504297364359,-.8047974606342954
.7917588542579149,57,7,-1.610086665414552,-1.268860454689145
1.196103561819841,57,7,-1.560086665414552,-1.258860454689145
-.0125038166710555,57,8,-1.708655093877717,-1.154171934640889
.042973507015014,57,8,-1.658655093877717,-1.104171934640889
.1916284269207821,57,9,-1.709321022265121,-.902947704703129
.5635564360551364,57,9,-1.659321022265121,-.812947704703129
-.5035701147965127,58,8,-1.71215516318175,-1.327742523814461
-.3625605037718719,58,8,-1.66215516318175,-1.317742523814461
.3233618079903197,58,9,-1.712821091569154,-1.1565182938767
.2001536051106912,58,9,-1.662821091569154,-1.1065182938767
1.121709234187747,58,10,-1.604502599679788,-.8569172410927358
1.605686083708935,58,10,-1.554502599679788,-.7669172410927358
.5497362022523177,59,9,-1.683517581377568,-1.321563700609439
.5738763661121816,59,9,-1.633517581377568,-1.311563700609439
2.305039044073885,59,10,-1.575199089488201,-1.101962647825474
2.203182295695362,59,10,-1.525199089488201,-1.051962647825474
.4751362945193852,59,11,-1.358811927713358,-.7651514957738498
.3074421308465666,59,11,-1.308811927713358,-.6751514957738498
1.770154978380612,60,10,-1.518246922711514,-1.255935262135915
1.713043027595654,60,10,-1.468246922711514,-1.245935262135915
.5562013437646068,60,11,-1.301859760936671,-.9991241100842903
.190323102750874,60,11,-1.251859760936671,-.9491241100842903
1.388072794369092,60,12,-.9902165388640469,-.6385831260918259
1.713482980924669,60,12,-.9402165388640469,-.5485831260918259
-.3794551490291288,61,11,-1.223516125173065,-1.139701913296035
-.7539223720797879,61,11,-1.173516125173065,-1.129701913296035
1.067126903719049,61,12,-.9118729031004406,-.8591609293035708
1.245968378041782,61,12,-.8618729031004405,-.8091609293035709
-.2536268026333919,61,13,-.5282725991993669,-.4898457867135951
-.2833666927444832,61,13,-.4782725991993668,-.3998457867135952
2.306914371114573,62,12,-.8192477963119214,-.9842948016442815
2.104210641403171,62,12,-.7692477963119213,-.9742948016442815
1.115576963594571,62,13,-.4356474924108475,-.6949796590543058
.8560474049234785,62,13,-.3856474924108475,-.6449796590543059
.4396827239380917,62,14,-.0113105601868899,-.3323915658947945
.684423294048643,62,14,.0386894398131101,-.2423915658947944
-.0917557446629352,63,13,-.3364202697414014,-.8029351273545686
-.1548109014712854,63,13,-.2864202697414014,-.7929351273545686
-.1235599887439475,63,14,.0879166624825563,-.5203470341950571
-.4106837607859905,63,14,.1379166624825562,-.4703470341950572
.060659446243661,63,15,.5172852326843629,-.1795689431423332
-.2273322737870639,63,15,.5672852326843629,-.0895689431423332
.3691188040609492,64,14,.1858034403629585,-.6097396091412668
-.0604700734825111,64,14,.2358034403629585,-.5997396091412668
.6009659932296278,64,15,.6151720105647652,-.3489615180885429
.4044556575013934,64,15,.6651720105647653,-.2989615180885429
1.016316102975746,64,16,1.01331331496071,-.0437203415229583
1.389014281578538,64,16,1.063313314960709,.0462796584770417
.0336282566406197,65,15,.7038292222898672,-.4187849010870035
.0219646986446255,65,15,.7538292222898673,-.4087849010870035
.7682256711949342,65,16,1.101970526685812,-.1935437245214189
.9042233641387882,65,16,1.151970526685811,-.1435437245214189
-.5383458224636384,65,17,1.436063349628574,.0646431383992363
-.5252143111018127,65,17,1.486063349628574,.1546431383992363
2.611800819503231,66,16,1.173877004566394,-.2431903095017176
2.550017909264236,66,16,1.223877004566394,-.2331903095017176
1.532877735277269,66,17,1.507969827509156,-.0650034465810624
1.102529582085717,66,17,1.557969827509156,-.0150034465810624
2.203965765816513,66,18,1.752243801357589,.1375373128554511
2.10117651445901,66,18,1.802243801357589,.2275373128554511
1.703616575633232,67,17,1.556272202754382,-.0942766990456516
1.642223390152779,67,17,1.606272202754382,-.0842766990456516
2.430248091329318,67,18,1.800546176602815,.0282640603908619
2.3569998468065,67,18,1.850546176602815,.0782640603908619
2.463727469095786,67,19,1.939118741181068,.1700267317011429
2.235240773573397,67,19,1.989118741181068,.2600267317011429
1.574819952924503,68,18,1.819332101506862,.0191455992751857
1.843151546030662,68,18,1.869332101506862,.0291455992751857
.4003503327189555,68,19,1.957904666085116,.0809082705854667
.805058965235711,68,19,2.007904666085115,.1309082705854666
1.353170737806334,68,20,1.986529517907471,.1605397562732271
1.417914400932886,68,20,2.036529517907471,.2505397562732271
-.7946814190618098,69,19,1.942438520672724,.0913154364314596
-.2131334622284284,69,19,1.992438520672724,.1013154364314596
-.3080906178590377,69,20,1.97106337249508,.09094692211922
-.5711188551814544,69,20,2.02106337249508,.14094692211922
-1.501724769189263,69,21,1.897597923787409,.1109571408826736
-.9337499145686575,69,21,1.947597923787409,.2009571408826736
-.0187850931207566,70,20,1.917975058745846,.119852745586686
.3551928003613254,70,20,1.967975058745846,.129852745586686
-.0617679258188976,70,21,1.844509610038175,.0598629643501396
-.1697154704987038,70,21,1.894509610038175,.1098629643501396
-.5430630398922252,70,22,1.688049996811987,.0264687964939395
-.1911509272062119,70,22,1.738049996811987,.1164687964939395
-.2325087777997629,71,21,1.751928907059666,.10586359408433
.0047399361076044,71,21,1.801928907059666,.11586359408433
-.4598789931470272,71,22,1.595469293833478,-.0075305737718701
-.0551673993589464,71,22,1.645469293833478,.0424694262281299
.7148319680471766,71,23,1.384248156606593,-.0847918218430036
.6417534507228044,71,23,1.434248156606593,.0052081781569964
1.399122329994391,72,22,1.463100417666394,.0538127301959874
1.831191336792316,72,22,1.513100417666394,.0638127301959874
2.545237765081073,72,23,1.251879280439509,-.1034485178751461
2.473185275471532,72,23,1.301879280439509,-.0534485178751461
2.097760881929262,72,24,1.020157742740664,-.2123120971754786
2.025769334855505,72,24,1.070157742740664,-.1223120971754786
.4826766511501592,73,23,1.081012676030736,-.028827255359624
.1001812169343415,73,23,1.131012676030736,-.018827255359624
.1542486577755894,73,24,.8492911383318906,-.2176908346599566
.4624895993121004,73,24,.8992911383318907,-.1676908346599566
.2085700190918642,73,25,.6335871329773149,-.3439271163113256
.4172344518518911,73,25,.6835871329773149,-.2539271163113256
1.483871543223058,74,24,.6427520335667027,-.1321268474938203
1.842129006381303,74,24,.6927520335667028,-.1221268474938203
2.065672196962526,74,25,.4270480282121271,-.3383631291451893
1.697297467680309,74,25,.477048028212127,-.2883631291451894
.8145579332442583,74,26,.2621161802325911,-.4666623337805617
.3073026186094359,74,26,.3121161802325911,-.3766623337805617
2.056904902231052,75,25,.1890838009939276,-.244414592597531
1.623954645080972,75,25,.2390838009939276,-.234414592597531
.9871440667036644,75,26,.0241519530143917,-.4527137972329033
.3942611346625728,75,26,.0741519530143917,-.4027137972329033
3.077040348217581,75,27,-.0608424217275601,-.5676378829257054
2.688702740417694,75,27,-.0108424217275601,-.4776378829257054
.2371378695297872,76,26,-.2397371982889255,-.3531097090144572
.5267582121907437,76,26,-.1897371982889255,-.3431097090144571
2.238014957279587,76,27,-.3247315730308773,-.5480337947072592
2.655185287471604,76,27,-.2747315730308773,-.4980337947072593
1.733894681963879,76,28,-.3094231639344581,-.6349763196454307
1.961697861421199,76,28,-.2594231639344581,-.5449763196454307
2.77643717099943,77,27,-.6080119051389747,-.4456183757925669
2.628151744824948,77,27,-.5580119051389747,-.4356183757925668
2.212071590991826,77,28,-.5927034960425556,-.6125609007307382
2.108864537953786,77,28,-.5427034960425555,-.5625609007307383
1.713416766882799,77,29,-.4677689355381733,-.6586551810234547
1.71233070320343,77,29,-.4177689355381733,-.5686551810234547
2.580455832998081,78,28,-.8880682004888136,-.5102356486815383
2.443581714057703,78,28,-.8380682004888136,-.5002356486815382
2.104609226769372,78,29,-.7631336399844314,-.6363299289742548
2.286874025606725,78,29,-.7131336399844314,-.5863299289742548
1.578763897215736,78,30,-.5313178767770084,-.6312490267374881
1.555170851094899,78,30,-.4813178767770083,-.5412490267374881
1.51488031559256,79,29,-1.062794142511557,-.5369945043395357
1.454560804714014,79,29,-1.012794142511557,-.5269945043395357
1.012634647078874,79,30,-.8309783793041341,-.6119136021027689
.9581299005651469,79,30,-.7809783793041341,-.561913602102769
1.776673992659833,79,31,-.50679249765525,-.5485124044392061
2.386982050898415,79,31,-.45679249765525,-.4585124044392062
-.1686089778996607,80,30,-1.126974845741518,-.5184067522451625
-.3389299046460224,80,30,-1.076974845741518,-.5084067522451625
.7178104547422511,80,31,-.8027889640926337,-.5350055545815997
1.063252149013548,80,31,-.7527889640926336,-.4850055545815998
.9450977578867039,80,32,-.4109127150404452,-.4097650220938053
1.020974882577523,80,32,-.3609127150404452,-.3197650220938053
1.944280979254689,81,31,-1.087307633826035,-.4500472785172887
2.100576042023476,81,31,-1.037307633826035,-.4400472785172886
2.239884140957807,81,32,-.6954313847738461,-.4048067460294943
2.109842270113712,81,32,-.6454313847738461,-.3548067460294944
.1696696139912251,81,33,-.2679962884104154,-.2180527096454528
.2691936682181501,81,33,-.2179962884104154,-.1280527096454528
2.038573504506705,82,32,-.9611160807233274,-.3309428785850929
2.232755129754521,82,32,-.9111160807233274,-.3209428785850929
-.3844431788788257,82,33,-.5336809843598967,-.2241888422010513
.0830554678232845,82,33,-.4836809843598967,-.1741888422010513
.1111451384020276,82,34,-.1067330958603682,.0199282554147987
.2123419750590255,82,34,-.0567330958603682,.1099282554147987
.835832467240097,83,33,-.7739263805462476,-.1637391865009529
1.138398056919548,83,33,-.7239263805462476,-.1537391865009529
1.246581533801904,83,34,-.346978492046719,.0003779111148971
1.617117074148693,83,34,-.2969784920467191,.0503779111148971
2.274671595565133,83,35,.0434897682309806,.294141069984195
1.849407739203877,83,35,.0934897682309805,.3841410699841949
1.209013239002161,84,34,-.5561934470939252,.0453668461090019
1.187983021905161,84,34,-.5061934470939251,.0553668461090019
1.383037719156888,84,35,-.1657251868162256,.2591300049782997
2.330245925956965,84,35,-.1157251868162256,.3091300049782997
1.484787978263916,84,36,.1562869251509876,.5917354734907355
1.199281305946572,84,36,.2062869251509876,.6817354734907355
.4967839947525093,85,35,-.3395556451142778,.2869266989750031
.2473674688866952,85,35,-.2895556451142778,.2969266989750031
-.1749104002342003,85,36,-.0175435331470647,.5395321674874389
-.2227094056119899,85,36,.0324564668529353,.589532167487439
.566314448724016,85,37,.2115719813140807,.897761167348762
-.2806539239365707,85,37,.2615719813140807,.987761167348762
1.476955865463065,86,36,-.153046107309104,.5487553659580917
1.514069086770386,86,36,-.1030461073091039,.5587553659580917
1.890785280746898,86,37,.0760694071520414,.8269843658194147
1.733935090697036,86,37,.1260694071520414,.8769843658194146
1.95892746758302,86,38,.198074499718949,1.196024971661658
2.487267013004013,86,38,.248074499718949,1.286024971661658
-.6625688053152252,87,37,-.0196899072769957,.8166312209584052
-1.117988351245954,87,37,.0303100927230043,.8266312209584052
-.580128128362787,87,38,.1023151852899119,1.105671826800648
.0996563216150655,87,38,.1523151852899119,1.155671826800648
-1.589121866721089,87,39,.114787400979563,1.470039899961112
-1.288223511851648,87,39,.164787400979563,1.560039899961112
.9779048173865721,88,38,.0461300678424211,1.075138329024222
1.205177544392104,88,38,.0961300678424211,1.085138329024222
-.6090666586162892,88,39,.0586022835320722,1.359506402184686
-.027577855079657,88,39,.1086022835320722,1.409506402184686
.6685607089836321,88,40,-.0288227845940404,1.704008319451782
.4587157239851655,88,40,.0211772154059596,1.794008319451782
.2451402016175472,89,39,.0402446019646149,1.308599685907576
.5361294428583933,89,39,.0902446019646149,1.318599685907576
1.137445129572449,89,40,-.0471804661614977,1.573101603174672
1.119955327096814,89,40,.0028195338385023,1.623101603174672
.6600983294529845,89,41,-.2138699219297132,1.883778922690098
.8864525915200395,89,41,-.1638699219297132,1.973778922690098
1.123126821022254,90,40,-.0309655334475926,1.502043876153074
1.590893887320334,90,40,.0190344665524074,1.512043876153074
1.659242278748918,90,41,-.197654989215808,1.7327211956685
1.336762648082569,90,41,-.147654989215808,1.7827211956685
1.012471959652388,90,42,-.4142500285638426,1.997718525235374
1.105792014491156,90,42,-.3642500285638426,2.087718525235374
1.122826145560688,91,41,-.151500564850416,1.642145211854992
.6919547919806012,91,41,-.101500564850416,1.652145211854992
.1828041290143456,91,42,-.3680956041984506,1.827142541421866
.4383458978563929,91,42,-.3180956041984505,1.877142541421866
.3190949964193308,91,43,-.5997435116316596,2.037444649370875
.0769702291404615,91,43,-.5497435116316596,2.127444649370875
1.850601418917487,92,42,-.2978284038640632,1.718078709565978
1.617190205180441,92,42,-.2478284038640632,1.728078709565978
1.73299960614046,92,43,-.5294763112972722,1.848380817514986
1.816603661439866,92,43,-.4794763112972722,1.898380817514986
2.024848248576078,92,44,-.7396672596687519,1.998373156145011
2.423347372189297,92,44,-.689667259668752,2.088373156145011
-.1193170802522758,93,43,-.4418843509619963,1.722236208152064
.7217271436583905,93,43,-.3918843509619963,1.732236208152064
1.062120648816467,93,44,-.6520752993334761,1.792228546782089
.9484960780413105,93,44,-.602075299333476,1.842228546782089
-.3907788885323696,93,45,-.8066615745954422,1.880046337742647
-.5627556744489588,93,45,-.7566615745954421,1.970046337742647
.8169790256254308,94,44,-.5546372784752226,1.650758225311153
.8385812543829176,94,44,-.5046372784752226,1.660758225311153
-.5507244753382665,94,45,-.7092235537371887,1.658576016271711
-.793336761230421,94,45,-.6592235537371887,1.708576016271711
1.457969229438738,94,46,-.7801787438560883,1.686220193448878
1.784674445423998,94,46,-.7301787438560884,1.776220193448878
.389111277583683,95,45,-.6098107031958689,1.503847286167205
.67073356801109,95,45,-.5598107031958689,1.513847286167205
2.784039951806395,95,46,-.6807658933147687,1.451491463344373
2.403853996717236,95,46,-.6307658933147686,1.501491463344373
1.450106079477325,95,47,-.6492702068756244,1.424704264483114
1.637387301785197,95,47,-.5992702068756244,1.514704264483114
3.269615452274682,96,46,-.5873281741578256,1.285841747992027
3.180536627727507,96,46,-.5373281741578255,1.295841747992027
2.11078022695372,96,47,-.5558324877186814,1.179054549130769
2.215106542550919,96,47,-.5058324877186814,1.229054549130769
3.413599164567773,96,48,-.4143445515034893,1.106962491304033
3.203330470476769,96,48,-.3643445515034893,1.196962491304034
.1404778835336695,97,47,-.4760816513808803,1.005043770381084
.3714934278832605,97,47,-.4260816513808803,1.015043770381084
.6447313009698208,97,48,-.3345937151656883,.8529517125543494
.5748063118605611,97,48,-.2845937151656882,.9029517125543494
2.333400626390483,97,49,-.0876807745752158,.7474981495350418
2.305972004928361,97,49,-.0376807745752158,.8374981495350418
.912630045940755,98,48,-.2756958602552491,.6733101362082685
1.118240048916505,98,48,-.2256958602552491,.6833101362082685
2.205023653793299,98,49,-.0287829196647766,.4878565731889609
2.561157903134865,98,49,.0212170803352234,.5378565731889609
.7934713255873324,98,0,1.881963620068136,.2967372182078336
1.361917284970023,98,0,1.931963620068136,.3867372182078336
2.931639893335344,99,49,.0029271977741931,.3054291839846049
3.143333025698707,99,49,.0529271977741931,.315429183984605
.7911225974726634,99,0,1.913673737507105,.0343098290034776
1.073569429598865,99,0,1.963673737507105,.0843098290034776
-1.112730344057359,99,1,1.958630683821843,-.0930941302510453
-.6056238810845174,99,1,2.008630683821843,-.0030941302510453
1.459019863437038,100,0,1.912945250727628,-.1480016316209685
1.323536028626108,100,0,1.962945250727628,-.1380016316209685
-1.024041366309191,100,1,1.957902197042365,-.3554055908754915
-.8334253343494606,100,1,2.007902197042365,-.3054055908754915
.4610944261194566,100,2,1.898832511504576,-.4674271702251714
.2490827572954188,100,2,1.948832511504576,-.3774271702251715
-1.839264900945878,101,1,1.920777464081713,-.5347017433503382
-1.877710767908525,101,1,1.970777464081713,-.5247017433503381
-1.013859887218335,101,2,1.861707778543924,-.7267233227000182
-1.049346623690004,101,2,1.911707778543923,-.6767233227000182
-.9507717188080679,101,3,1.716122823635115,-.8089365441191493
-1.119111963779064,101,3,1.766122823635115,-.7189365441191493
-1.887961791295448,102,2,1.785680160919617,-.9001662197731676
-1.656944315390894,102,2,1.835680160919617,-.8901662197731676
-1.903003097205225,102,3,1.640095206010809,-1.062379441192299
-2.079519828027783,102,3,1.690095206010809,-1.012379441192299
-1.029658420816317,102,4,1.435030473445658,-1.102211665976861
-1.04110550660822,102,4,1.485030473445659,-1.012211665976861
-1.944398554556848,103,3,1.524209000486756,-1.227250386788284
-2.264050472753588,103,3,1.574209000486756,-1.217250386788284
-1.445135092157474,103,4,1.319144267921606,-1.347082611572846
-1.515086672795741,103,4,1.369144267921605,-1.297082611572846
-.8510602221949268,103,5,1.08818314660424,-1.334596246120536
-1.154515966246163,103,5,1.13818314660424,-1.244596246120536
2.391959444952108,104,4,1.16403280738023,-1.500837550090527
2.546975474231102,104,4,1.21403280738023,-1.490837550090527
3.057908745515718,104,5,.9330716860628647,-1.568351184638217
3.1539456518378,104,5,.9830716860628648,-1.518351184638217
3.560039314392376,104,6,.7126483975300979,-1.496861551886685
3.739399186057135,104,6,.7626483975300979,-1.406861551886685
.2601740355703902,105,5,.7409320905216803,-1.708672532214408
.4610190172174644,105,5,.7909320905216803,-1.698672532214408
1.259615460680165,105,6,.5205088019889136,-1.717182899462876
1.14291418198806,105,6,.5705088019889135,-1.667182899462876
.4170599415954596,105,7,.3458974987861795,-1.583673859732758
.3499685924249102,105,7,.3958974987861795,-1.493673859732758
.8488893098343672,106,6,.2950143863588401,-1.842026761218772
.9576948355880011,106,6,.3450143863588401,-1.832026761218772
.1910224966729151,106,7,.1204030831561061,-1.788517721488654
.5392237129474626,106,7,.1704030831561061,-1.738517721488654
-.6655383211863146,106,8,.0218346546929412,-1.593829201440399
-.821766772319988,106,8,.0718346546929411,-1.503829201440399
2.986650757219293,107,7,-.133443086232215,-1.896155532779435
3.173871019599427,107,7,-.083443086232215,-1.886155532779435
2.439507853999506,107,8,-.2320115146953799,-1.78146701273118
2.369911060035863,107,8,-.1820115146953799,-1.73146701273118
2.440307906765532,107,9,-.232677443082784,-1.53024278279342
3.128246602253586,107,9,-.182677443082784,-1.440242782793419
-.7282224420075589,108,8,-.5080760765581012,-1.870520756021683
-.9533806232790809,108,8,-.4580760765581012,-1.860520756021683
-.2208501108869653,108,9,-.5087420049455053,-1.699296526083923
-.3149082743136839,108,9,-.4587420049455052,-1.649296526083923
.8542544388219262,108,10,-.4004235130561388,-1.399695473299958
.9523450438975297,108,10,-.3504235130561388,-1.309695473299958
-.8558932122770497,109,9,-.8000058208050077,-1.768766805960112
-.7057247622948514,109,9,-.7500058208050077,-1.758766805960112
.7172410731607785,109,10,-.6916873289156413,-1.549165753176147
.9001652355304323,109,10,-.6416873289156413,-1.499165753176147
-.9099849576214144,109,11,-.4753001671407982,-1.212354601124522
-.7482435511632273,109,11,-.4253001671407982,-1.122354601124522
1.695958068204218,110,10,-.9905253140014829,-1.598452157506693
1.569614878327974,110,10,-.9405253140014829,-1.588452157506693
-.0992015610312704,110,11,-.7741381522266398,-1.341641005455069
-.4699202794376366,110,11,-.7241381522266398,-1.291641005455069
1.356383306068498,110,12,-.4624949301540158,-.9811000214626043
1.471131122299626,110,12,-.4124949301540158,-.8911000214626044
-.7785027465128869,111,11,-1.072623263542995,-1.370554337875367
-.8183824949221872,111,11,-1.022623263542995,-1.360554337875367
1.288390509533053,111,12,-.7609800414703708,-1.090013353882903
.8805653300516454,111,12,-.7109800414703707,-1.040013353882903
-.3107091820630156,111,13,-.3773797375692968,-.7206982112929271
-.1696062763107606,111,13,-.3273797375692968,-.6306982112929271
3.161959530640076,112,12,-1.051199303985045,-1.098779488383252
3.227684305081612,112,12,-1.001199303985045,-1.088779488383252
2.043737497390289,112,13,-.667599000083971,-.8094643457932762
1.904655031035956,112,13,-.617599000083971,-.7594643457932763
1.99522848365972,112,14,-.2432620678600134,-.4468762526337647
2.057126400910014,112,14,-.1932620678600134,-.3568762526337648
1.094495268345746,113,13,-.941968972072102,-.7987196248798569
.9824835666370619,113,13,-.8919689720721019,-.7887196248798569
.7631510684762325,113,14,-.5176320398481443,-.5161315317203454
.9866272952542242,113,14,-.4676320398481443,-.4661315317203455
1.081404969016403,113,15,-.0882634696463376,-.1753534406676216
.9104703236612878,113,15,-.0382634696463376,-.0853534406676216
.4828157052266598,114,14,-.7692011407828254,-.4869098019044664
.4414114694810339,114,14,-.7192011407828254,-.4769098019044664
.7029866268271417,114,15,-.3398325705810187,-.2261317108517425
1.061924941702985,114,15,-.2898325705810187,-.1761317108517425
.9758324033024178,114,16,.0583087338149257,.0791094657138421
1.922602954318815,114,16,.1083087338149257,.1691094657138421
-.1184176727951138,115,15,-.5625582187119444,-.1798432595995415
-.2332349668334343,115,15,-.5125582187119444,-.1698432595995415
.5118692125730399,115,16,-.164416914316,.0453979169660431
.5967479935652319,115,16,-.114416914316,.0953979169660431
-.4929784533167993,115,17,.1696759086267624,.3035847798866983
-.8050310177912123,115,17,.2196759086267623,.3935847798866983
2.121878317621644,116,16,-.3534064253353683,.1069950936958263
2.203510966095497,116,16,-.3034064253353683,.1169950936958263
1.547454675141442,116,17,-.0193136023926059,.2851819566164814
1.361271558563838,116,17,.0306863976073941,.3351819566164814
2.166999868116586,116,18,.2249603714558271,.487722716052995
2.278494248210417,116,18,.2749603714558271,.577722716052995
.4049302765397455,117,17,-.1710192453187157,.3600179708664307
.2129692680620774,117,17,-.1210192453187157,.3700179708664307
1.08116713475545,117,18,.0732547285297173,.4825587303029442
1.106028355220184,117,18,.1232547285297173,.5325587303029442
.3278502950500163,117,19,.2118272931079709,.6243214016132252
.2472869859870196,117,19,.2618272931079709,.7143214016132252
1.605559718405054,118,18,-.0391057054862617,.5682939729360359
1.64748428167319,118,18,.0108942945137383,.5782939729360359
1.209518437196019,118,19,.099466859091992,.6300566442463169
1.262219060670685,118,19,.1494668590919919,.6800566442463168
1.023338008221818,118,20,.1280917109143476,.7096881299340774
1.550772661593984,118,20,.1780917109143476,.7996881299340773
.3860274557867434,119,19,.0269444054847563,.724129450923781
.5350556241765647,119,19,.0769444054847563,.734129450923781
1.152592265899841,119,20,.055569257307112,.7237609366115416
.7181833296082871,119,20,.1055692573071119,.7737609366115415
.4788704152520001,119,21,-.0178961914005587,.7437711553749952
.4376319436766601,119,21,.0321038085994413,.8337711553749951
.3283606343737215,120,20,.0217893410443514,.8234397778077489
.5554160221300083,120,20,.0717893410443514,.8334397778077489
.2267328676797838,120,21,-.0516761076633193,.7634499965712025
-.1192572610059098,120,21,-.0016761076633193,.8134499965712024
.2221048723560096,120,22,-.2081357208895073,.7300558287150024
-.0757247265297489,120,22,-.1581357208895073,.8200558287150024
1.576301220696459,121,21,-.0493534723506502,.8658891283333844
.9606149006139992,121,21,.0006465276493498,.8758891283333844
.9116582242913092,121,22,-.2058130855768383,.7524949604771843
.9403020616415436,121,22,-.1558130855768383,.8024949604771843
1.509269512076625,121,23,-.4170342228037234,.6752337124060508
1.399375507502504,121,23,-.3670342228037234,.7652337124060508
2.772326373746288,122,22,-.1714671792609077,.8547924021303974
2.714195984880383,122,22,-.1214671792609077,.8647924021303974
3.33926349983649,122,23,-.3826883164877929,.6975311540592639
3.199245112118097,122,23,-.3326883164877928,.7475311540592638
2.828372754385359,122,24,-.6144098541866378,.5886675747589314
2.748442661581145,122,24,-.5644098541866378,.6786675747589314
.9037664823505134,123,23,-.3216750865003907,.7967878116490432
.8046769146754872,123,23,-.2716750865003907,.8067878116490432
.0118670863176325,123,24,-.5533966241992356,.6079242323487106
.2303066239332301,123,24,-.5033966241992356,.6579242323487106
.6849438432103226,123,25,-.7691006295538114,.4816879506973416
.974853608737545,123,25,-.7191006295538114,.5716879506973416
2.415165349795356,124,24,-.4721351599133358,.7013029632711651
2.651075562267104,124,24,-.4221351599133358,.7113029632711652
3.100592067759769,124,25,-.6878391652679116,.4950666816197961
2.757601054399,124,25,-.6378391652679115,.5450666816197961
1.662901321511977,124,26,-.8527710132474475,.3667674769844238
1.871629724990448,124,26,-.8027710132474475,.4567674769844238
.2858293271491544,125,25,-.5935557892609623,.5798500970871934
.14512840058364,125,25,-.5435557892609623,.5898500970871934
-1.038391420544069,125,26,-.7584876372404982,.371550892451821
-.9620333782076136,125,26,-.7084876372404981,.421550892451821
1.387500750785439,125,27,-.84348201198245,.2566268067590189
1.261422187826311,125,27,-.7934820119824499,.3466268067590189
-.1217833453879488,126,26,-.6589278146172503,.4451967201562647
-.2511723126772768,126,26,-.6089278146172502,.4551967201562647
1.625032030591056,126,27,-.7439221893592021,.2502726344634625
2.13677222587461,126,27,-.693922189359202,.3002726344634625
1.446158393224916,126,28,-.7286137802627828,.1633301095252911
1.261015121544556,126,28,-.6786137802627829,.2533301095252911
4.125279066968178,127,27,-.6470417405002076,.3104655135086444
3.854159575401633,127,27,-.5970417405002075,.3204655135086444
2.961599743735134,127,28,-.6317333314037884,.1435229885704729
3.01269787831365,127,28,-.5817333314037884,.1935229885704729
2.803226686292978,127,29,-.5067987708994062,.0974287082777565
3.042064400745755,127,29,-.4567987708994061,.1874287082777565
3.598007833741355,128,28,-.5453812585128684,.188221641428519
4.382062643044616,128,28,-.4953812585128685,.1982216414285191
3.569433057580347,128,29,-.4204466980084862,.0621273611358026
3.480152703670422,128,29,-.3704466980084862,.1121273611358026
3.174351018267831,128,30,-.1886309348010631,.0672082633725692
3.14685678912316,128,30,-.1386309348010631,.1572082633725692
2.067892540106208,129,29,-.3520522701638362,.0896061815723379
1.610296628595455,129,29,-.3020522701638362,.0996061815723379
1.522118087766006,129,30,-.1202365069564132,.0146870838091045
1.081439508998205,129,30,-.0702365069564132,.0646870838091045
1.924495855037759,129,31,.2039493746924709,.0780882814726673
2.110921898103562,129,31,.2539493746924709,.1680882814726673
1.736893260506236,130,30,-.0765130785968497,.0235712934858168
1.221330163450772,130,30,-.0265130785968497,.0335712934858168
2.030791061466301,130,31,.2476728030520343,.0069724911493796
2.165130179845423,130,31,.2976728030520344,.0569724911493796
2.214271931888982,130,32,.6395490521042229,.1322130236371739
2.310362450639739,130,32,.6895490521042228,.2222130236371739
2.542704397224279,131,31,.260995432383321,-.003733851358233
3.028832852946764,131,31,.310995432383321,.006266148641767
2.681241506270155,131,32,.6528716814355094,.0415066811295613
2.610845659827703,131,32,.7028716814355095,.0915066811295613
1.059598228340538,131,33,1.08030677779894,.2282607175136029
.7788000095832924,131,33,1.13030677779894,.3182607175136029
2.574429482262731,132,32,.631275696117317,.0106129727187433
2.923743057297876,132,32,.6812756961173171,.0206129727187433
.5413616587440191,132,33,1.058710792480748,.1173670091027848
.2394437292139111,132,33,1.108710792480748,.1673670091027848
.533005608454912,132,34,1.485658680980276,.3614841067186348
.9827031090947966,132,34,1.535658680980276,.4514841067186348
1.429446933007484,133,33,.9990704718658889,.066100407947329
1.234232314811292,133,33,1.049070471865889,.076100407947329
1.947695918362171,133,34,1.426018360365418,.230217505563179
1.673754294020527,133,34,1.476018360365417,.2802175055631789
2.761557084735295,133,35,1.816486620643117,.5239806644324768
2.327519232461653,133,35,1.866486620643117,.6139806644324768
1.853351336864224,134,34,1.326724691399138,.1588075515263304
1.978892498983665,134,34,1.376724691399138,.1688075515263304
2.502311594865613,134,35,1.717192951676838,.3725707103956282
2.790490298069459,134,35,1.767192951676838,.4225707103956282
2.135295372424247,134,36,2.039205063644051,.7051761789080641
1.656456124078719,134,36,2.089205063644051,.795176178908064
2.213766711705564,135,35,1.578217775169782,.2816573335197011
1.903592399716716,135,35,1.628217775169782,.2916573335197011
2.073813874011305,135,36,1.900229887136995,.5342628020321369
1.395219931484655,135,36,1.950229887136995,.584262802032137
1.908821337037688,135,37,2.129345401598141,.89249180189346
1.61661550883024,135,37,2.179345401598141,.98249180189346
2.159268551872948,136,36,1.723127020383216,.4248832849371681
2.517092586898931,136,36,1.773127020383216,.4348832849371682
2.471317519099507,136,37,1.952242534844362,.7031122847984912
2.432674316801826,136,37,2.002242534844362,.7531122847984911
3.021591584224472,136,38,2.074247627411269,1.072152890640734
3.114974396290732,136,38,2.124247627411269,1.162152890640734
1.334644289925705,137,37,1.740085825829168,.5766801296264504
1.32891977050296,137,37,1.790085825829168,.5866801296264504
2.373012926504474,137,38,1.862090918396075,.8657207354686933
1.865659626367128,137,38,1.912090918396075,.9157207354686933
.5567037656726948,137,39,1.874563134085726,1.230088808629157
.8793324473179134,137,39,1.924563134085726,1.320088808629158
-.2184217904173223,138,38,1.619351701176936,.7239968659271356
-.1990290767877125,138,38,1.669351701176937,.7339968659271356
-.7724866636423841,138,39,1.631823916866588,1.0083649390876
-1.083497973543122,138,39,1.681823916866588,1.0583649390876
-.9638325581792037,138,40,1.544398848740475,1.352866856354696
-.6692440491719248,138,40,1.594398848740475,1.442866856354696
2.208744300483452,139,39,1.364192753594389,.8534218243072881
2.171144767057489,139,39,1.414192753594389,.8634218243072881
2.650100612428874,139,40,1.276767685468277,1.117923741574384
3.172154146760621,139,40,1.326767685468276,1.167923741574384
3.173156868715499,139,41,1.110078229700061,1.42860106108981
3.198707193681952,139,41,1.160078229700061,1.51860106108981
1.423741791850857,140,40,.9909275016319526,.9521031727027618
1.327056764607685,140,40,1.040927501631953,.9621031727027618
1.587531221217303,140,41,.8242380458637372,1.182780492218187
1.613468100065277,140,41,.8742380458637372,1.232780492218188
.731120584044082,140,42,.6076430065157026,1.447777821785062
.6880851575371376,140,42,.6576430065157026,1.537777821785062
.8599352073344627,141,41,.5275977031402295,1.008645871986362
.7289151112306693,141,41,.5775977031402295,1.018645871986362
.4664796299489694,141,42,.3110026637921949,1.193643201553237
.0686287044191626,141,42,.3610026637921949,1.243643201553237
.1322909737928105,141,43,.0793547563589859,1.403945309502245
.2133992284321032,141,43,.1293547563589859,1.493945309502245
-.5589947284377375,142,42,.0114015921114045,1.013927318843997
-.615445737214503,142,42,.0614015921114045,1.023927318843997
-.6742888637643223,142,43,-.2202463153218046,1.144229426793005
-.8112454168033963,142,43,-.1702463153218046,1.194229426793005
-.3314820678225372,142,44,-.4304372636932843,1.29422176542303
-.6225999006718308,142,44,-.3804372636932843,1.38422176542303
.0927703719485044,143,43,-.5148506511095735,.9617787802236107
.0332358227174636,143,43,-.4648506511095735,.9717787802236107
.581414394609672,143,44,-.7250415994810534,1.031771118853636
.48655899888097,143,44,-.6750415994810534,1.081771118853636
-.7394220326057594,143,45,-.8796278747430195,1.119588909814194
-1.06507788908396,143,45,-.8296278747430195,1.209588909814194
.940731705710413,144,44,-1.006890938617429,.8494879236957105
.5939039056827513,144,44,-.9568909386174294,.8594879236957105
-.8979973601373743,144,45,-1.161477213879395,.8573057146562685
-.4569881757196886,144,45,-1.111477213879396,.9073057146562684
1.35787501318047,144,46,-1.232432403998295,.8849498918334355
1.69224220668489,144,46,-1.182432403998295,.9749498918334355
-.4549563192901942,145,45,-1.423321797071789,.6780887746136142
.1700664994852026,145,45,-1.373321797071789,.6880887746136142
2.599587946984161,145,46,-1.494276987190688,.6257329517907813
2.272871400304832,145,46,-1.444276987190689,.6757329517907812
1.324515616026714,145,47,-1.462781300751544,.5989457529295227
1.809207695151623,145,47,-1.412781300751544,.6889457529295226
1.977981536892325,146,46,-1.729664581637335,.4524186002826616
2.337750747259976,146,46,-1.679664581637335,.4624186002826616
1.225672932105475,146,47,-1.69816889519819,.3456314014214031
1.386409412160017,146,47,-1.648168895198191,.3956314014214032
1.996869278719805,146,48,-1.556680958982998,.273539343594668
1.609234697910117,146,48,-1.506680958982998,.3635393435946681
.431502173584719,147,47,-1.901702024748762,.1809357156029017
.2899962380994218,147,47,-1.851702024748762,.1909357156029017
1.03497803664135,147,48,-1.76021408853357,.0288436577761666
1.064286441601334,147,48,-1.71021408853357,.0788436577761666
2.708858110463072,147,49,-1.513301147943098,-.0766099052431411
2.767199025830005,147,49,-1.463301147943098,.0133900947568589
.3330606011908734,148,48,-1.92776521403057,-.1246928774029895
.1352140426075667,148,48,-1.87776521403057,-.1146928774029895
1.618158645267511,148,49,-1.680852273440097,-.3101464404222972
1.58938158492066,148,49,-1.630852273440098,-.2601464404222972
-.1401961552156647,148,0,.2298942662928147,-.5012657954034244
-.0463144502637955,148,0,.2798942662928147,-.4112657954034245
3.051531717914167,149,49,-1.809728344679862,-.45021069073478
2.936253287113301,149,49,-1.759728344679862,-.44021069073478
.6840067775711782,149,0,.1010181950530506,-.7213300457159073
.9600607198783505,149,0,.1510181950530506,-.6713300457159074
-.4985152164289535,149,1,.1459751413677883,-.8487340049704303
-.9282117467156284,149,1,.1959751413677883,-.7587340049704303
.0771922604287677,150,0,.0119683759071382,-.8458833542486411
-.1461336267877044,150,0,.0619683759071382,-.8358833542486411
-2.000368277015108,150,1,.0569253222218759,-1.053287313503164
-2.084242249037694,150,1,.1069253222218759,-1.003287313503164
-.6293137484994377,150,2,-.0021443633159138,-1.165308892852844
-1.161374833789209,150,2,.0478556366840862,-1.075308892852844
-1.410737079995785,151,1,.0072652060144566,-1.16060703519135
-1.564613921718924,151,1,.0572652060144566,-1.15060703519135
-.8176700532372307,151,2,-.0518044795233331,-1.35262861454103
-.7555871715076486,151,2,-.0018044795233331,-1.30262861454103
-.7279137995589033,151,3,-.1973894344321414,-1.434841835960162
-.517220362746955,151,3,-.1473894344321414,-1.344841835960162
-.0836061125863818,152,2,-.0640817851023801,-1.441343212441378
.1924708522836557,152,2,-.01408178510238,-1.431343212441378
.6689697793381197,152,3,-.2096667400111883,-1.603556433860509
.3182892566083616,152,3,-.1596667400111883,-1.553556433860509
1.164709148307878,152,4,-.4147314725763386,-1.643388658645072
.6918976743986949,152,4,-.3647314725763386,-1.553388658645072
-1.780374728730237,153,3,-.1880584619634537,-1.672673422130503
-1.545850389023947,153,3,-.1380584619634537,-1.662673422130503
-1.546379300114098,153,4,-.393123194528604,-1.792505646915065
-1.233101523636733,153,4,-.343123194528604,-1.742505646915065
-.732763534115682,153,5,-.624084315845969,-1.780019281462755
-.6277761389777089,153,5,-.5740843158459691,-1.690019281462755
-.1562296520845694,154,4,-.3424774711427423,-1.841431811202534
-.1666896785075533,154,4,-.2924774711427423,-1.831431811202534
.1829766908551083,154,5,-.5734385924601074,-1.908945445750223
.0633803437877309,154,5,-.5234385924601074,-1.858945445750223
.8522099829737269,154,6,-.7938618809928741,-1.837455812998692
.8875070761116516,154,6,-.7438618809928741,-1.747455812998691
-.4987751204791438,155,5,-.4997611933374407,-1.937498929033552
-.4439246261066759,155,5,-.4497611933374407,-1.927498929033552
.0588797371054126,155,6,-.7201844818702074,-1.946009296282021
.5041517937518926,155,6,-.6701844818702074,-1.896009296282021
-.3566456170074594,155,7,-.8947957850729416,-1.812500256551903
-.3434412535871093,155,7,-.8447957850729415,-1.722500256551903
2.299930483116364,156,6,-.63039937684303,-1.954423303930383
2.518318672333888,156,6,-.58039937684303,-1.944423303930383
1.719892678190027,156,7,-.8050106800457641,-1.900914264200265
1.909344558761662,156,7,-.7550106800457641,-1.850914264200265
1.020765216219887,156,8,-.9035791085089291,-1.70622574415201
1.243060328915881,156,8,-.853579108508929,-1.61622574415201
2.927870896202007,157,7,-.7066840023499782,-1.889832312768904
2.608809807148392,157,7,-.6566840023499781,-1.879832312768904
1.929103776343609,157,8,-.8052524308131431,-1.775143792720648
1.964627913834274,157,8,-.7552524308131431,-1.725143792720648
2.258331381963717,157,9,-.8059183592005472,-1.523919562782888
2.156881666890068,157,9,-.7559183592005472,-1.433919562782888
.0506375539234652,158,8,-.7062908392324534,-1.74560659927978
.0461053582298143,158,8,-.6562908392324533,-1.73560659927978
.6294983907966273,158,9,-.7069567676198575,-1.57438236934202
.2658717509043828,158,9,-.6569567676198574,-1.52438236934202
2.024473117254197,158,10,-.5986382757304911,-1.274781316558055
1.968137000032583,158,10,-.5486382757304911,-1.184781316558055
-.5757790892831056,159,9,-.6152922329509833,-1.52780664844936
-.1326496536874092,159,9,-.5652922329509833,-1.51780664844936
1.252005154192296,159,10,-.506973741061617,-1.308205595665395
1.116831827164914,159,10,-.4569737410616169,-1.258205595665395
-.7637177480855655,159,11,-.2905865792867739,-.9713944436137699
-.4093561122811513,159,11,-.2405865792867739,-.88139444361377
3.068524108532034,160,10,-.4302473234693884,-1.246355195961701
3.041322130254139,160,10,-.3802473234693884,-1.236355195961701
.7345954662733701,160,11,-.2138601616945453,-.9895440439100767
1.36643576801694,160,11,-.1638601616945453,-.9395440439100767
2.551671471851719,160,12,.0977830603780787,-.6290030599176122
2.913100578580366,160,12,.1477830603780786,-.5390030599176122
.831565020636518,161,11,-.1591173857559015,-.9144940123857292
.7175989396645331,161,11,-.1091173857559015,-.9044940123857292
2.288102838829699,161,12,.1525258363167225,-.6339530283932647
2.169250841799026,161,12,.2025258363167225,-.5839530283932648
.9384652707301266,161,13,.5361261402177964,-.2646378858032892
.9370254079622212,161,13,.5861261402177963,-.1746378858032892
1.349303988246785,162,12,.1791158644441678,-.5480473344617579
1.365879855405679,162,12,.2291158644441678,-.5380473344617579
.1241863787278697,162,13,.5627161683452416,-.2587321918717824
.0628085191121233,162,13,.6127161683452417,-.2087321918717824
.390821548092785,162,14,.9870531005691994,.1038559012877291
-.1986906499826211,162,14,1.037053100569199,.1938559012877291
1.678893035836464,163,13,.5561067037179904,-.1645359725578529
1.753962440651864,163,13,.6061067037179905,-.1545359725578529
1.526209357771866,163,14,.9804436359419481,.1180521206016586
1.707182751853859,163,14,1.030443635941948,.1680521206016586
2.081401132846247,163,15,1.409812206143755,.4588302116543824
1.344987528952542,163,15,1.459812206143755,.5488302116543824
1.75097030784399,164,14,.9369114926255591,.2178048214276107
2.151651214895413,164,14,.9869114926255591,.2278048214276107
2.172501537031423,164,15,1.366280062827366,.4785829124803346
2.057970979785184,164,15,1.416280062827366,.5285829124803346
2.884437476358971,164,16,1.76442136722331,.7838240890459193
2.509704554922423,164,16,1.81442136722331,.8738240890459192
1.076374142350598,165,15,1.283574045570493,.581044846087921
1.006398626020031,165,15,1.333574045570493,.591044846087921
1.876453556160766,165,16,1.681715349966438,.8062860226535056
1.266910703787075,165,16,1.731715349966438,.8562860226535055
.4092182023250213,165,17,2.0158081729092,1.064472885574161
.1599656500256411,165,17,2.0658081729092,1.154472885574161
2.431749485822102,166,16,1.559146002251429,.9085547438148547
1.947187340168065,166,16,1.609146002251429,.9185547438148547
.8828921714356655,166,17,1.893238825194192,1.08674160673551
1.311708291816101,166,17,1.943238825194192,1.13674160673551
1.648097107705593,166,18,2.137512799042625,1.289282366172023
1.616421904208714,166,18,2.187512799042625,1.379282366172023
